agent,motif,slice,k,n,rate,lo,hi
random,block,all,58,203,0.2857,0.2280,0.3514
greedy,block,all,56,203,0.2759,0.2190,0.3411
h200_v27,block,all,51,203,0.2512,0.1966,0.3151
h200,block,all,50,203,0.2463,0.1921,0.3099
h800,block,all,51,203,0.2512,0.1966,0.3151
h3200,block,all,50,203,0.2463,0.1921,0.3099
h6400,block,all,52,203,0.2562,0.2010,0.3203
rod1,block,all,59,203,0.2906,0.2325,0.3565
iter08,block,all,63,203,0.3103,0.2507,0.3770
ACTUAL,block,all,53,203,0.2611,0.2055,0.3255
random,block,opp_weak,0,4,0.0000,0.0000,0.4899
greedy,block,opp_weak,0,4,0.0000,0.0000,0.4899
h200_v27,block,opp_weak,0,4,0.0000,0.0000,0.4899
h200,block,opp_weak,0,4,0.0000,0.0000,0.4899
h800,block,opp_weak,0,4,0.0000,0.0000,0.4899
h3200,block,opp_weak,0,4,0.0000,0.0000,0.4899
h6400,block,opp_weak,0,4,0.0000,0.0000,0.4899
rod1,block,opp_weak,0,4,0.0000,0.0000,0.4899
iter08,block,opp_weak,0,4,0.0000,0.0000,0.4899
ACTUAL,block,opp_weak,0,4,0.0000,0.0000,0.4899
random,block,opp_mid,15,67,0.2239,0.1406,0.3371
greedy,block,opp_mid,16,67,0.2388,0.1527,0.3533
h200_v27,block,opp_mid,17,67,0.2537,0.1649,0.3693
h200,block,opp_mid,17,67,0.2537,0.1649,0.3693
h800,block,opp_mid,16,67,0.2388,0.1527,0.3533
h3200,block,opp_mid,16,67,0.2388,0.1527,0.3533
h6400,block,opp_mid,17,67,0.2537,0.1649,0.3693
rod1,block,opp_mid,19,67,0.2836,0.1897,0.4009
iter08,block,opp_mid,20,67,0.2985,0.2023,0.4166
ACTUAL,block,opp_mid,16,67,0.2388,0.1527,0.3533
random,block,opp_strong,43,132,0.3258,0.2517,0.4097
greedy,block,opp_strong,40,132,0.3030,0.2311,0.3861
h200_v27,block,opp_strong,34,132,0.2576,0.1906,0.3383
h200,block,opp_strong,33,132,0.2500,0.1839,0.3302
h800,block,opp_strong,35,132,0.2652,0.1973,0.3463
h3200,block,opp_strong,34,132,0.2576,0.1906,0.3383
h6400,block,opp_strong,35,132,0.2652,0.1973,0.3463
rod1,block,opp_strong,40,132,0.3030,0.2311,0.3861
iter08,block,opp_strong,43,132,0.3258,0.2517,0.4097
ACTUAL,block,opp_strong,37,132,0.2803,0.2107,0.3623
random,block,phase_opening,1,11,0.0909,0.0162,0.3774
greedy,block,phase_opening,2,11,0.1818,0.0514,0.4770
h200_v27,block,phase_opening,2,11,0.1818,0.0514,0.4770
h200,block,phase_opening,2,11,0.1818,0.0514,0.4770
h800,block,phase_opening,2,11,0.1818,0.0514,0.4770
h3200,block,phase_opening,2,11,0.1818,0.0514,0.4770
h6400,block,phase_opening,2,11,0.1818,0.0514,0.4770
rod1,block,phase_opening,2,11,0.1818,0.0514,0.4770
iter08,block,phase_opening,2,11,0.1818,0.0514,0.4770
ACTUAL,block,phase_opening,1,11,0.0909,0.0162,0.3774
random,block,phase_midgame,13,64,0.2031,0.1227,0.3171
greedy,block,phase_midgame,9,64,0.1406,0.0758,0.2462
h200_v27,block,phase_midgame,10,64,0.1562,0.0871,0.2643
h200,block,phase_midgame,10,64,0.1562,0.0871,0.2643
h800,block,phase_midgame,9,64,0.1406,0.0758,0.2462
h3200,block,phase_midgame,9,64,0.1406,0.0758,0.2462
h6400,block,phase_midgame,9,64,0.1406,0.0758,0.2462
rod1,block,phase_midgame,8,64,0.1250,0.0647,0.2277
iter08,block,phase_midgame,7,64,0.1094,0.0540,0.2090
ACTUAL,block,phase_midgame,9,64,0.1406,0.0758,0.2462
random,block,phase_late_mid,17,55,0.3091,0.2028,0.4403
greedy,block,phase_late_mid,17,55,0.3091,0.2028,0.4403
h200_v27,block,phase_late_mid,16,55,0.2909,0.1877,0.4214
h200,block,phase_late_mid,15,55,0.2727,0.1728,0.4023
h800,block,phase_late_mid,15,55,0.2727,0.1728,0.4023
h3200,block,phase_late_mid,15,55,0.2727,0.1728,0.4023
h6400,block,phase_late_mid,17,55,0.3091,0.2028,0.4403
rod1,block,phase_late_mid,19,55,0.3455,0.2336,0.4775
iter08,block,phase_late_mid,22,55,0.4000,0.2812,0.5319
ACTUAL,block,phase_late_mid,17,55,0.3091,0.2028,0.4403
random,block,phase_pre_endgame,14,41,0.3415,0.2156,0.4945
greedy,block,phase_pre_endgame,15,41,0.3659,0.2359,0.5188
h200_v27,block,phase_pre_endgame,11,41,0.2683,0.1569,0.4193
h200,block,phase_pre_endgame,10,41,0.2439,0.1382,0.3934
h800,block,phase_pre_endgame,11,41,0.2683,0.1569,0.4193
h3200,block,phase_pre_endgame,10,41,0.2439,0.1382,0.3934
h6400,block,phase_pre_endgame,10,41,0.2439,0.1382,0.3934
rod1,block,phase_pre_endgame,16,41,0.3902,0.2566,0.5427
iter08,block,phase_pre_endgame,18,41,0.4390,0.2989,0.5896
ACTUAL,block,phase_pre_endgame,13,41,0.3171,0.1956,0.4698
random,block,phase_endgame,13,32,0.4062,0.2552,0.5774
greedy,block,phase_endgame,13,32,0.4062,0.2552,0.5774
h200_v27,block,phase_endgame,12,32,0.3750,0.2293,0.5475
h200,block,phase_endgame,13,32,0.4062,0.2552,0.5774
h800,block,phase_endgame,14,32,0.4375,0.2817,0.6067
h3200,block,phase_endgame,14,32,0.4375,0.2817,0.6067
h6400,block,phase_endgame,14,32,0.4375,0.2817,0.6067
rod1,block,phase_endgame,14,32,0.4375,0.2817,0.6067
iter08,block,phase_endgame,14,32,0.4375,0.2817,0.6067
ACTUAL,block,phase_endgame,13,32,0.4062,0.2552,0.5774
random,avoid_feeding,all,383,780,0.4910,0.4561,0.5261
greedy,avoid_feeding,all,390,780,0.5000,0.4650,0.5350
h200_v27,avoid_feeding,all,390,780,0.5000,0.4650,0.5350
h200,avoid_feeding,all,390,780,0.5000,0.4650,0.5350
h800,avoid_feeding,all,387,780,0.4962,0.4612,0.5312
h3200,avoid_feeding,all,385,780,0.4936,0.4586,0.5286
h6400,avoid_feeding,all,385,780,0.4936,0.4586,0.5286
rod1,avoid_feeding,all,396,780,0.5077,0.4727,0.5427
iter08,avoid_feeding,all,400,780,0.5128,0.4778,0.5477
ACTUAL,avoid_feeding,all,381,780,0.4885,0.4535,0.5235
random,avoid_feeding,opp_weak,56,129,0.4341,0.3517,0.5203
greedy,avoid_feeding,opp_weak,59,129,0.4574,0.3739,0.5433
h200_v27,avoid_feeding,opp_weak,60,129,0.4651,0.3813,0.5510
h200,avoid_feeding,opp_weak,61,129,0.4729,0.3887,0.5586
h800,avoid_feeding,opp_weak,61,129,0.4729,0.3887,0.5586
h3200,avoid_feeding,opp_weak,61,129,0.4729,0.3887,0.5586
h6400,avoid_feeding,opp_weak,59,129,0.4574,0.3739,0.5433
rod1,avoid_feeding,opp_weak,62,129,0.4806,0.3962,0.5661
iter08,avoid_feeding,opp_weak,60,129,0.4651,0.3813,0.5510
ACTUAL,avoid_feeding,opp_weak,58,129,0.4496,0.3665,0.5357
random,avoid_feeding,opp_mid,157,290,0.5414,0.4839,0.5978
greedy,avoid_feeding,opp_mid,161,290,0.5552,0.4976,0.6113
h200_v27,avoid_feeding,opp_mid,164,290,0.5655,0.5080,0.6213
h200,avoid_feeding,opp_mid,164,290,0.5655,0.5080,0.6213
h800,avoid_feeding,opp_mid,162,290,0.5586,0.5011,0.6146
h3200,avoid_feeding,opp_mid,160,290,0.5517,0.4942,0.6079
h6400,avoid_feeding,opp_mid,161,290,0.5552,0.4976,0.6113
rod1,avoid_feeding,opp_mid,167,290,0.5759,0.5184,0.6314
iter08,avoid_feeding,opp_mid,168,290,0.5793,0.5218,0.6347
ACTUAL,avoid_feeding,opp_mid,155,290,0.5345,0.4770,0.5911
random,avoid_feeding,opp_strong,170,361,0.4709,0.4200,0.5224
greedy,avoid_feeding,opp_strong,170,361,0.4709,0.4200,0.5224
h200_v27,avoid_feeding,opp_strong,166,361,0.4598,0.4091,0.5114
h200,avoid_feeding,opp_strong,165,361,0.4571,0.4064,0.5086
h800,avoid_feeding,opp_strong,164,361,0.4543,0.4037,0.5059
h3200,avoid_feeding,opp_strong,164,361,0.4543,0.4037,0.5059
h6400,avoid_feeding,opp_strong,165,361,0.4571,0.4064,0.5086
rod1,avoid_feeding,opp_strong,167,361,0.4626,0.4118,0.5142
iter08,avoid_feeding,opp_strong,172,361,0.4765,0.4255,0.5280
ACTUAL,avoid_feeding,opp_strong,168,361,0.4654,0.4146,0.5169
random,avoid_feeding,phase_opening,59,139,0.4245,0.3454,0.5076
greedy,avoid_feeding,phase_opening,57,139,0.4101,0.3318,0.4932
h200_v27,avoid_feeding,phase_opening,56,139,0.4029,0.3250,0.4860
h200,avoid_feeding,phase_opening,57,139,0.4101,0.3318,0.4932
h800,avoid_feeding,phase_opening,55,139,0.3957,0.3182,0.4787
h3200,avoid_feeding,phase_opening,55,139,0.3957,0.3182,0.4787
h6400,avoid_feeding,phase_opening,55,139,0.3957,0.3182,0.4787
rod1,avoid_feeding,phase_opening,54,139,0.3885,0.3115,0.4715
iter08,avoid_feeding,phase_opening,56,139,0.4029,0.3250,0.4860
ACTUAL,avoid_feeding,phase_opening,58,139,0.4173,0.3386,0.5004
random,avoid_feeding,phase_midgame,126,258,0.4884,0.4280,0.5491
greedy,avoid_feeding,phase_midgame,123,258,0.4767,0.4166,0.5376
h200_v27,avoid_feeding,phase_midgame,129,258,0.5000,0.4394,0.5606
h200,avoid_feeding,phase_midgame,130,258,0.5039,0.4433,0.5644
h800,avoid_feeding,phase_midgame,128,258,0.4961,0.4356,0.5567
h3200,avoid_feeding,phase_midgame,127,258,0.4922,0.4318,0.5529
h6400,avoid_feeding,phase_midgame,127,258,0.4922,0.4318,0.5529
rod1,avoid_feeding,phase_midgame,129,258,0.5000,0.4394,0.5606
iter08,avoid_feeding,phase_midgame,127,258,0.4922,0.4318,0.5529
ACTUAL,avoid_feeding,phase_midgame,122,258,0.4729,0.4128,0.5337
random,avoid_feeding,phase_late_mid,96,196,0.4898,0.4207,0.5593
greedy,avoid_feeding,phase_late_mid,101,196,0.5153,0.4457,0.5843
h200_v27,avoid_feeding,phase_late_mid,101,196,0.5153,0.4457,0.5843
h200,avoid_feeding,phase_late_mid,100,196,0.5102,0.4407,0.5793
h800,avoid_feeding,phase_late_mid,99,196,0.5051,0.4357,0.5743
h3200,avoid_feeding,phase_late_mid,100,196,0.5102,0.4407,0.5793
h6400,avoid_feeding,phase_late_mid,100,196,0.5102,0.4407,0.5793
rod1,avoid_feeding,phase_late_mid,103,196,0.5255,0.4558,0.5943
iter08,avoid_feeding,phase_late_mid,105,196,0.5357,0.4659,0.6042
ACTUAL,avoid_feeding,phase_late_mid,98,196,0.5000,0.4307,0.5693
random,avoid_feeding,phase_pre_endgame,57,110,0.5182,0.4258,0.6094
greedy,avoid_feeding,phase_pre_endgame,63,110,0.5727,0.4794,0.6612
h200_v27,avoid_feeding,phase_pre_endgame,59,110,0.5364,0.4435,0.6268
h200,avoid_feeding,phase_pre_endgame,58,110,0.5273,0.4346,0.6181
h800,avoid_feeding,phase_pre_endgame,59,110,0.5364,0.4435,0.6268
h3200,avoid_feeding,phase_pre_endgame,57,110,0.5182,0.4258,0.6094
h6400,avoid_feeding,phase_pre_endgame,57,110,0.5182,0.4258,0.6094
rod1,avoid_feeding,phase_pre_endgame,65,110,0.5909,0.4975,0.6782
iter08,avoid_feeding,phase_pre_endgame,66,110,0.6000,0.5066,0.6867
ACTUAL,avoid_feeding,phase_pre_endgame,58,110,0.5273,0.4346,0.6181
random,avoid_feeding,phase_endgame,45,77,0.5844,0.4729,0.6879
greedy,avoid_feeding,phase_endgame,46,77,0.5974,0.4858,0.6998
h200_v27,avoid_feeding,phase_endgame,45,77,0.5844,0.4729,0.6879
h200,avoid_feeding,phase_endgame,45,77,0.5844,0.4729,0.6879
h800,avoid_feeding,phase_endgame,46,77,0.5974,0.4858,0.6998
h3200,avoid_feeding,phase_endgame,46,77,0.5974,0.4858,0.6998
h6400,avoid_feeding,phase_endgame,46,77,0.5974,0.4858,0.6998
rod1,avoid_feeding,phase_endgame,45,77,0.5844,0.4729,0.6879
iter08,avoid_feeding,phase_endgame,46,77,0.5974,0.4858,0.6998
ACTUAL,avoid_feeding,phase_endgame,45,77,0.5844,0.4729,0.6879
random,contest_merge,all,72,391,0.1841,0.1489,0.2256
greedy,contest_merge,all,185,391,0.4731,0.4242,0.5227
h200_v27,contest_merge,all,188,391,0.4808,0.4317,0.5303
h200,contest_merge,all,182,391,0.4655,0.4166,0.5150
h800,contest_merge,all,184,391,0.4706,0.4216,0.5201
h3200,contest_merge,all,187,391,0.4783,0.4292,0.5277
h6400,contest_merge,all,190,391,0.4859,0.4368,0.5354
rod1,contest_merge,all,177,391,0.4527,0.4040,0.5022
iter08,contest_merge,all,167,391,0.4271,0.3790,0.4766
ACTUAL,contest_merge,all,113,391,0.2890,0.2463,0.3358
random,contest_merge,opp_weak,21,161,0.1304,0.0869,0.1912
greedy,contest_merge,opp_weak,42,161,0.2609,0.1992,0.3337
h200_v27,contest_merge,opp_weak,49,161,0.3043,0.2385,0.3793
h200,contest_merge,opp_weak,48,161,0.2981,0.2329,0.3728
h800,contest_merge,opp_weak,51,161,0.3168,0.2499,0.3922
h3200,contest_merge,opp_weak,52,161,0.3230,0.2556,0.3986
h6400,contest_merge,opp_weak,54,161,0.3354,0.2671,0.4114
rod1,contest_merge,opp_weak,50,161,0.3106,0.2442,0.3858
iter08,contest_merge,opp_weak,47,161,0.2919,0.2272,0.3663
ACTUAL,contest_merge,opp_weak,31,161,0.1925,0.1391,0.2603
random,contest_merge,opp_mid,12,61,0.1967,0.1163,0.3131
greedy,contest_merge,opp_mid,36,61,0.5902,0.4650,0.7046
h200_v27,contest_merge,opp_mid,24,61,0.3934,0.2807,0.5188
h200,contest_merge,opp_mid,26,61,0.4262,0.3102,0.5510
h800,contest_merge,opp_mid,23,61,0.3770,0.2661,0.5025
h3200,contest_merge,opp_mid,25,61,0.4098,0.2954,0.5350
h6400,contest_merge,opp_mid,23,61,0.3770,0.2661,0.5025
rod1,contest_merge,opp_mid,24,61,0.3934,0.2807,0.5188
iter08,contest_merge,opp_mid,22,61,0.3607,0.2517,0.4861
ACTUAL,contest_merge,opp_mid,20,61,0.3279,0.2233,0.4528
random,contest_merge,opp_strong,39,169,0.2308,0.1737,0.2999
greedy,contest_merge,opp_strong,107,169,0.6331,0.5583,0.7021
h200_v27,contest_merge,opp_strong,115,169,0.6805,0.6068,0.7461
h200,contest_merge,opp_strong,108,169,0.6391,0.5643,0.7076
h800,contest_merge,opp_strong,110,169,0.6509,0.5764,0.7187
h3200,contest_merge,opp_strong,110,169,0.6509,0.5764,0.7187
h6400,contest_merge,opp_strong,113,169,0.6686,0.5946,0.7352
rod1,contest_merge,opp_strong,103,169,0.6095,0.5343,0.6798
iter08,contest_merge,opp_strong,98,169,0.5799,0.5045,0.6517
ACTUAL,contest_merge,opp_strong,62,169,0.3669,0.2979,0.4417
random,contest_merge,phase_opening,29,133,0.2180,0.1563,0.2956
greedy,contest_merge,phase_opening,49,133,0.3684,0.2912,0.4530
h200_v27,contest_merge,phase_opening,57,133,0.4286,0.3476,0.5135
h200,contest_merge,phase_opening,53,133,0.3985,0.3193,0.4834
h800,contest_merge,phase_opening,53,133,0.3985,0.3193,0.4834
h3200,contest_merge,phase_opening,56,133,0.4211,0.3405,0.5060
h6400,contest_merge,phase_opening,57,133,0.4286,0.3476,0.5135
rod1,contest_merge,phase_opening,54,133,0.4060,0.3263,0.4910
iter08,contest_merge,phase_opening,51,133,0.3835,0.3052,0.4683
ACTUAL,contest_merge,phase_opening,34,133,0.2556,0.1891,0.3359
random,contest_merge,phase_midgame,24,122,0.1967,0.1359,0.2760
greedy,contest_merge,phase_midgame,66,122,0.5410,0.4527,0.6268
h200_v27,contest_merge,phase_midgame,67,122,0.5492,0.4607,0.6346
h200,contest_merge,phase_midgame,64,122,0.5246,0.4366,0.6111
h800,contest_merge,phase_midgame,67,122,0.5492,0.4607,0.6346
h3200,contest_merge,phase_midgame,67,122,0.5492,0.4607,0.6346
h6400,contest_merge,phase_midgame,68,122,0.5574,0.4688,0.6424
rod1,contest_merge,phase_midgame,63,122,0.5164,0.4286,0.6032
iter08,contest_merge,phase_midgame,61,122,0.5000,0.4126,0.5874
ACTUAL,contest_merge,phase_midgame,44,122,0.3607,0.2809,0.4489
random,contest_merge,phase_late_mid,7,62,0.1129,0.0558,0.2152
greedy,contest_merge,phase_late_mid,29,62,0.4677,0.3491,0.5902
h200_v27,contest_merge,phase_late_mid,28,62,0.4516,0.3342,0.5747
h200,contest_merge,phase_late_mid,28,62,0.4516,0.3342,0.5747
h800,contest_merge,phase_late_mid,28,62,0.4516,0.3342,0.5747
h3200,contest_merge,phase_late_mid,28,62,0.4516,0.3342,0.5747
h6400,contest_merge,phase_late_mid,28,62,0.4516,0.3342,0.5747
rod1,contest_merge,phase_late_mid,27,62,0.4355,0.3194,0.5591
iter08,contest_merge,phase_late_mid,25,62,0.4032,0.2902,0.5275
ACTUAL,contest_merge,phase_late_mid,14,62,0.2258,0.1396,0.3441
random,contest_merge,phase_pre_endgame,8,43,0.1860,0.0974,0.3262
greedy,contest_merge,phase_pre_endgame,24,43,0.5581,0.4111,0.6957
h200_v27,contest_merge,phase_pre_endgame,19,43,0.4419,0.3043,0.5889
h200,contest_merge,phase_pre_endgame,19,43,0.4419,0.3043,0.5889
h800,contest_merge,phase_pre_endgame,19,43,0.4419,0.3043,0.5889
h3200,contest_merge,phase_pre_endgame,19,43,0.4419,0.3043,0.5889
h6400,contest_merge,phase_pre_endgame,20,43,0.4651,0.3251,0.6108
rod1,contest_merge,phase_pre_endgame,21,43,0.4884,0.3462,0.6325
iter08,contest_merge,phase_pre_endgame,18,43,0.4186,0.2838,0.5667
ACTUAL,contest_merge,phase_pre_endgame,13,43,0.3023,0.1860,0.4511
random,contest_merge,phase_endgame,4,31,0.1290,0.0513,0.2885
greedy,contest_merge,phase_endgame,17,31,0.5484,0.3777,0.7084
h200_v27,contest_merge,phase_endgame,17,31,0.5484,0.3777,0.7084
h200,contest_merge,phase_endgame,18,31,0.5806,0.4077,0.7358
h800,contest_merge,phase_endgame,17,31,0.5484,0.3777,0.7084
h3200,contest_merge,phase_endgame,17,31,0.5484,0.3777,0.7084
h6400,contest_merge,phase_endgame,17,31,0.5484,0.3777,0.7084
rod1,contest_merge,phase_endgame,12,31,0.3871,0.2373,0.5618
iter08,contest_merge,phase_endgame,12,31,0.3871,0.2373,0.5618
ACTUAL,contest_merge,phase_endgame,8,31,0.2581,0.1370,0.4325
random,farm_claim,all,188,777,0.2420,0.2132,0.2733
greedy,farm_claim,all,96,777,0.1236,0.1022,0.1486
h200_v27,farm_claim,all,560,777,0.7207,0.6881,0.7511
h200,farm_claim,all,461,777,0.5933,0.5584,0.6273
h800,farm_claim,all,467,777,0.6010,0.5662,0.6349
h3200,farm_claim,all,469,777,0.6036,0.5688,0.6374
h6400,farm_claim,all,466,777,0.5997,0.5649,0.6336
rod1,farm_claim,all,419,777,0.5393,0.5041,0.5740
iter08,farm_claim,all,420,777,0.5405,0.5054,0.5753
ACTUAL,farm_claim,all,251,777,0.3230,0.2911,0.3567
random,farm_claim,opp_weak,55,235,0.2340,0.1845,0.2922
greedy,farm_claim,opp_weak,33,235,0.1404,0.1018,0.1906
h200_v27,farm_claim,opp_weak,162,235,0.6894,0.6275,0.7451
h200,farm_claim,opp_weak,132,235,0.5617,0.4978,0.6236
h800,farm_claim,opp_weak,138,235,0.5872,0.5234,0.6483
h3200,farm_claim,opp_weak,137,235,0.5830,0.5191,0.6442
h6400,farm_claim,opp_weak,135,235,0.5745,0.5106,0.6360
rod1,farm_claim,opp_weak,97,235,0.4128,0.3517,0.4766
iter08,farm_claim,opp_weak,104,235,0.4426,0.3805,0.5065
ACTUAL,farm_claim,opp_weak,85,235,0.3617,0.3029,0.4249
random,farm_claim,opp_mid,83,332,0.2500,0.2065,0.2993
greedy,farm_claim,opp_mid,37,332,0.1114,0.0819,0.1498
h200_v27,farm_claim,opp_mid,256,332,0.7711,0.7229,0.8130
h200,farm_claim,opp_mid,218,332,0.6566,0.6040,0.7057
h800,farm_claim,opp_mid,217,332,0.6536,0.6009,0.7028
h3200,farm_claim,opp_mid,221,332,0.6657,0.6133,0.7143
h6400,farm_claim,opp_mid,220,332,0.6627,0.6102,0.7114
rod1,farm_claim,opp_mid,211,332,0.6355,0.5825,0.6855
iter08,farm_claim,opp_mid,203,332,0.6114,0.5580,0.6623
ACTUAL,farm_claim,opp_mid,68,332,0.2048,0.1649,0.2515
random,farm_claim,opp_strong,50,210,0.2381,0.1855,0.3001
greedy,farm_claim,opp_strong,26,210,0.1238,0.0859,0.1752
h200_v27,farm_claim,opp_strong,142,210,0.6762,0.6102,0.7358
h200,farm_claim,opp_strong,111,210,0.5286,0.4611,0.5950
h800,farm_claim,opp_strong,112,210,0.5333,0.4659,0.5996
h3200,farm_claim,opp_strong,111,210,0.5286,0.4611,0.5950
h6400,farm_claim,opp_strong,111,210,0.5286,0.4611,0.5950
rod1,farm_claim,opp_strong,111,210,0.5286,0.4611,0.5950
iter08,farm_claim,opp_strong,113,210,0.5381,0.4706,0.6042
ACTUAL,farm_claim,opp_strong,98,210,0.4667,0.4004,0.5341
random,farm_claim,phase_opening,127,517,0.2456,0.2105,0.2845
greedy,farm_claim,phase_opening,0,517,0.0000,0.0000,0.0074
h200_v27,farm_claim,phase_opening,383,517,0.7408,0.7014,0.7767
h200,farm_claim,phase_opening,319,517,0.6170,0.5744,0.6579
h800,farm_claim,phase_opening,326,517,0.6306,0.5881,0.6711
h3200,farm_claim,phase_opening,326,517,0.6306,0.5881,0.6711
h6400,farm_claim,phase_opening,328,517,0.6344,0.5921,0.6748
rod1,farm_claim,phase_opening,314,517,0.6074,0.5646,0.6485
iter08,farm_claim,phase_opening,305,517,0.5899,0.5470,0.6315
ACTUAL,farm_claim,phase_opening,147,517,0.2843,0.2471,0.3247
random,farm_claim,phase_midgame,34,142,0.2394,0.1767,0.3159
greedy,farm_claim,phase_midgame,43,142,0.3028,0.2333,0.3828
h200_v27,farm_claim,phase_midgame,101,142,0.7113,0.6319,0.7795
h200,farm_claim,phase_midgame,81,142,0.5704,0.4882,0.6489
h800,farm_claim,phase_midgame,79,142,0.5563,0.4742,0.6355
h3200,farm_claim,phase_midgame,82,142,0.5775,0.4952,0.6556
h6400,farm_claim,phase_midgame,78,142,0.5493,0.4672,0.6288
rod1,farm_claim,phase_midgame,71,142,0.5000,0.4189,0.5811
iter08,farm_claim,phase_midgame,73,142,0.5141,0.4326,0.5948
ACTUAL,farm_claim,phase_midgame,56,142,0.3944,0.3178,0.4765
random,farm_claim,phase_late_mid,16,57,0.2807,0.1808,0.4083
greedy,farm_claim,phase_late_mid,26,57,0.4561,0.3337,0.5841
h200_v27,farm_claim,phase_late_mid,39,57,0.6842,0.5552,0.7900
h200,farm_claim,phase_late_mid,31,57,0.5439,0.4159,0.6663
h800,farm_claim,phase_late_mid,32,57,0.5614,0.4328,0.6823
h3200,farm_claim,phase_late_mid,31,57,0.5439,0.4159,0.6663
h6400,farm_claim,phase_late_mid,31,57,0.5439,0.4159,0.6663
rod1,farm_claim,phase_late_mid,19,57,0.3333,0.2249,0.4628
iter08,farm_claim,phase_late_mid,21,57,0.3684,0.2552,0.4982
ACTUAL,farm_claim,phase_late_mid,26,57,0.4561,0.3337,0.5841
random,farm_claim,phase_pre_endgame,8,38,0.2105,0.1107,0.3635
greedy,farm_claim,phase_pre_endgame,16,38,0.4211,0.2785,0.5781
h200_v27,farm_claim,phase_pre_endgame,23,38,0.6053,0.4472,0.7440
h200,farm_claim,phase_pre_endgame,19,38,0.5000,0.3485,0.6515
h800,farm_claim,phase_pre_endgame,19,38,0.5000,0.3485,0.6515
h3200,farm_claim,phase_pre_endgame,20,38,0.5263,0.3726,0.6752
h6400,farm_claim,phase_pre_endgame,20,38,0.5263,0.3726,0.6752
rod1,farm_claim,phase_pre_endgame,9,38,0.2368,0.1299,0.3921
iter08,farm_claim,phase_pre_endgame,14,38,0.3684,0.2338,0.5272
ACTUAL,farm_claim,phase_pre_endgame,14,38,0.3684,0.2338,0.5272
random,farm_claim,phase_endgame,3,23,0.1304,0.0454,0.3213
greedy,farm_claim,phase_endgame,11,23,0.4783,0.2924,0.6704
h200_v27,farm_claim,phase_endgame,14,23,0.6087,0.4079,0.7784
h200,farm_claim,phase_endgame,11,23,0.4783,0.2924,0.6704
h800,farm_claim,phase_endgame,11,23,0.4783,0.2924,0.6704
h3200,farm_claim,phase_endgame,10,23,0.4348,0.2563,0.6319
h6400,farm_claim,phase_endgame,9,23,0.3913,0.2216,0.5921
rod1,farm_claim,phase_endgame,6,23,0.2609,0.1255,0.4647
iter08,farm_claim,phase_endgame,7,23,0.3043,0.1560,0.5087
ACTUAL,farm_claim,phase_endgame,8,23,0.3478,0.1881,0.5511
