idx,motif,regime,seed,g,ply,seat,mover_spec,opp_spec,tile_phase,k,margin_before,legal_n,magnitude,actual_took,final_margin_mover,result_mover,take_random,take_greedy,take_h200,take_h800,take_h3200,take_h6400,take_rod1
11,MUST_PUNISH_WEAK,h6400:random,1982001,1,22,1,h6400,random,TILES,61,0,17,10,1,85,W,0,1,1,1,1,1,1
2,MUST_NOT_FEED,h6400:random,1982000,0,78,1,random,h6400,TILES,33,-6,34,18,1,-62,L,1,1,1,1,1,1,1
13,MUST_PUNISH_WEAK,rod1:h6400,1988001,1,21,0,h6400,rod1,MEEPLES,62,1,6,9,0,-31,L,1,0,0,0,0,0,0
13,HIGH_VALUE_FARM_CLAIM_REFINED,rod1:h6400,1988001,1,21,0,h6400,rod1,MEEPLES,62,1,6,9,0,-31,L,1,0,0,0,0,0,0
12,MUST_PUNISH_WEAK,h6400:random,1982001,1,54,1,h6400,random,TILES,45,18,22,10,1,85,W,0,1,1,1,1,1,1
0,MUST_PUNISH_WEAK,h6400:random,1982000,0,49,0,h6400,random,MEEPLES,48,6,5,9,1,62,W,0,0,1,1,1,1,1
0,HIGH_VALUE_FARM_CLAIM_REFINED,h6400:random,1982000,0,49,0,h6400,random,MEEPLES,48,6,5,9,1,62,W,0,0,1,1,1,1,1
6,MUST_PUNISH_WEAK,h6400:random,1982002,2,73,0,h6400,random,MEEPLES,36,8,6,9,0,77,W,0,0,0,0,0,0,0
6,HIGH_VALUE_FARM_CLAIM_REFINED,h6400:random,1982002,2,73,0,h6400,random,MEEPLES,36,8,6,9,0,77,W,0,0,0,0,0,0,0
10,MUST_PUNISH_WEAK,h6400:random,1982003,3,66,1,h6400,random,TILES,39,13,31,14,1,98,W,0,1,1,1,1,1,1
4,MUST_NOT_FEED,h6400:random,1982002,2,42,1,random,h6400,TILES,51,-4,21,9,1,-77,L,1,1,1,1,1,1,1
1,MUST_NOT_FEED,h6400:random,1982000,0,66,1,random,h6400,TILES,39,-6,27,18,1,-62,L,1,1,1,1,1,1,1
7,MUST_BLOCK_CITY,h6400:random,1982002,2,78,1,random,h6400,TILES,33,-16,35,13,0,-77,L,0,0,0,0,0,0,0
5,MUST_NOT_FEED,h6400:random,1982002,2,66,1,random,h6400,TILES,39,-8,40,13,0,-77,L,0,0,0,0,0,0,0
9,MUST_PUNISH_WEAK,h6400:random,1982002,2,124,0,h6400,random,TILES,10,16,28,36,1,77,W,0,1,1,1,1,1,1
8,MUST_BLOCK_CITY,h6400:random,1982002,2,114,1,random,h6400,TILES,15,-16,32,17,0,-77,L,0,0,1,1,1,1,1
14,MUST_PUNISH_WEAK,rod1:h6400,1988001,1,29,0,h6400,rod1,MEEPLES,58,0,4,12,1,-31,L,0,0,1,1,1,1,1
14,HIGH_VALUE_FARM_CLAIM_REFINED,rod1:h6400,1988001,1,29,0,h6400,rod1,MEEPLES,58,0,4,12,1,-31,L,0,0,1,1,1,1,1
17,MUST_PUNISH_WEAK,rod1:h6400,1988007,7,18,1,rod1,h6400,TILES,63,0,19,8,1,-17,L,0,1,1,1,1,1,1
18,MUST_PUNISH_WEAK,rod1:h6400,1988007,7,60,0,h6400,rod1,TILES,42,-1,31,8,1,17,W,0,1,1,1,1,1,1
16,MUST_NOT_FEED,rod1:h6400,1988001,1,54,1,rod1,h6400,TILES,45,16,21,12,1,31,W,1,1,1,1,1,1,1
15,MUST_NOT_FEED,rod1:h6400,1988001,1,48,0,h6400,rod1,TILES,48,-18,26,12,1,-31,L,1,1,1,1,1,1,1
19,MUST_NOT_FEED,rod1:h6400,1988007,7,110,1,rod1,h6400,TILES,17,0,42,9,1,-17,L,1,1,1,1,1,1,1
21,HIGH_VALUE_FARM_CLAIM_REFINED,rod1:h6400,1988007,7,137,0,h6400,rod1,MEEPLES,4,6,5,9,1,17,W,0,1,1,1,1,1,1
3,MUST_PUNISH_WEAK,h6400:random,1982000,0,140,0,h6400,random,TILES,2,2,40,40,1,62,W,0,1,1,1,1,1,0
22,MUST_NOT_FEED,rod1:h6400,1988009,9,54,1,rod1,h6400,TILES,45,-12,22,8,1,0,D,1,1,1,1,1,1,1
20,MUST_NOT_FEED,rod1:h6400,1988007,7,118,1,rod1,h6400,TILES,13,0,38,9,1,-17,L,1,1,1,1,1,1,1
25,MUST_PUNISH_WEAK,rod1:h6400,1988003,3,32,0,h6400,rod1,TILES,56,0,33,12,1,2,W,0,1,1,1,1,1,1
26,MUST_PUNISH_WEAK,rod1:h6400,1988003,3,50,1,rod1,h6400,TILES,47,-21,30,12,1,-2,L,0,1,1,1,1,1,1
24,MUST_NOT_FEED,rod1:h6400,1988009,9,122,1,rod1,h6400,TILES,11,-17,34,8,1,0,D,1,1,1,1,1,1,1
23,MUST_PUNISH_WEAK,rod1:h6400,1988009,9,88,0,h6400,rod1,TILES,28,3,29,20,1,0,D,0,1,1,1,1,1,1
27,MUST_PUNISH_WEAK,rod1:h6400,1988005,5,7,1,rod1,h6400,MEEPLES,69,0,4,9,1,6,W,0,0,1,1,1,1,1
27,HIGH_VALUE_FARM_CLAIM_REFINED,rod1:h6400,1988005,5,7,1,rod1,h6400,MEEPLES,69,0,4,9,1,6,W,0,0,1,1,1,1,1
28,MUST_NOT_FEED,rod1:h6400,1988005,5,14,1,rod1,h6400,TILES,65,0,6,8,1,6,W,1,1,1,1,1,1,1
30,MUST_BLOCK_CITY,rod1:h6400,1988005,5,56,0,h6400,rod1,TILES,44,-10,13,15,0,-6,L,1,0,0,0,0,0,0
29,MUST_BLOCK_CITY,rod1:h6400,1988005,5,34,1,rod1,h6400,TILES,55,6,15,11,1,6,W,0,1,1,1,1,1,1
29,MUST_NOT_FEED,rod1:h6400,1988005,5,34,1,rod1,h6400,TILES,55,6,15,11,1,6,W,0,1,1,1,1,1,1
32,MUST_PUNISH_WEAK,rod1:h6400,1988000,0,68,0,rod1,h6400,TILES,38,5,40,8,1,32,W,0,1,1,1,1,1,1
39,MUST_PUNISH_WEAK,rod1:h6400,1988004,4,27,1,h6400,rod1,MEEPLES,59,0,4,9,0,-3,L,0,0,0,0,0,0,0
39,HIGH_VALUE_FARM_CLAIM_REFINED,rod1:h6400,1988004,4,27,1,h6400,rod1,MEEPLES,59,0,4,9,0,-3,L,0,0,0,0,0,0,0
37,MUST_PUNISH_WEAK,rod1:h6400,1988008,8,32,0,rod1,h6400,TILES,56,-5,24,8,1,-35,L,0,1,1,1,1,1,1
31,MUST_PUNISH_WEAK,rod1:h6400,1988005,5,97,0,h6400,rod1,MEEPLES,24,11,5,9,1,-6,L,0,1,1,1,1,1,1
31,HIGH_VALUE_FARM_CLAIM_REFINED,rod1:h6400,1988005,5,97,0,h6400,rod1,MEEPLES,24,11,5,9,1,-6,L,0,1,1,1,1,1,1
38,MUST_PUNISH_WEAK,rod1:h6400,1988008,8,43,1,h6400,rod1,MEEPLES,51,-3,3,9,1,35,W,0,0,1,1,1,1,1
38,HIGH_VALUE_FARM_CLAIM_REFINED,rod1:h6400,1988008,8,43,1,h6400,rod1,MEEPLES,51,-3,3,9,1,35,W,0,0,1,1,1,1,1
33,MUST_PUNISH_WEAK,rod1:h6400,1988000,0,87,1,h6400,rod1,MEEPLES,29,-22,7,9,1,-32,L,0,0,1,1,1,1,0
33,HIGH_VALUE_FARM_CLAIM_REFINED,rod1:h6400,1988000,0,87,1,h6400,rod1,MEEPLES,29,-22,7,9,1,-32,L,0,0,1,1,1,1,0
40,MUST_PUNISH_WEAK,rod1:h6400,1988004,4,49,0,rod1,h6400,MEEPLES,48,-5,2,9,0,3,W,1,0,0,0,0,1,0
40,HIGH_VALUE_FARM_CLAIM_REFINED,rod1:h6400,1988004,4,49,0,rod1,h6400,MEEPLES,48,-5,2,9,0,3,W,1,0,0,0,0,1,0
34,MUST_NOT_FEED,rod1:h6400,1988000,0,110,1,h6400,rod1,TILES,17,-16,25,8,1,-32,L,1,1,1,1,1,1,1
41,MUST_NOT_FEED,rod1:h6400,1988004,4,54,1,h6400,rod1,TILES,45,2,31,8,0,-3,L,0,0,0,0,0,0,0
36,HIGH_VALUE_FARM_CLAIM_REFINED,rod1:h6400,1988000,0,123,1,h6400,rod1,MEEPLES,11,-13,4,12,1,-32,L,0,1,1,1,1,1,1
42,MUST_PUNISH_WEAK,rod1:h6400,1988002,2,23,1,h6400,rod1,MEEPLES,61,-4,3,9,1,17,W,1,0,1,1,1,1,1
42,HIGH_VALUE_FARM_CLAIM_REFINED,rod1:h6400,1988002,2,23,1,h6400,rod1,MEEPLES,61,-4,3,9,1,17,W,1,0,1,1,1,1,1
35,MUST_NOT_FEED,rod1:h6400,1988000,0,114,1,h6400,rod1,TILES,15,-21,30,8,1,-32,L,1,1,1,1,1,1,1
46,MUST_PUNISH_WEAK,rod1:h6400,1988006,6,23,1,h6400,rod1,MEEPLES,61,0,5,9,1,0,D,0,0,0,1,1,1,1
46,HIGH_VALUE_FARM_CLAIM_REFINED,rod1:h6400,1988006,6,23,1,h6400,rod1,MEEPLES,61,0,5,9,1,0,D,0,0,0,1,1,1,1
43,MUST_PUNISH_WEAK,rod1:h6400,1988002,2,37,0,rod1,h6400,MEEPLES,54,0,4,12,1,-17,L,1,0,1,1,1,1,1
43,HIGH_VALUE_FARM_CLAIM_REFINED,rod1:h6400,1988002,2,37,0,rod1,h6400,MEEPLES,54,0,4,12,1,-17,L,1,0,1,1,1,1,1
47,MUST_PUNISH_WEAK,rod1:h6400,1988006,6,30,1,h6400,rod1,TILES,57,0,24,8,1,0,D,0,1,1,1,1,1,1
48,HIGH_VALUE_FARM_CLAIM_REFINED,rod1:h6400,1988006,6,37,0,rod1,h6400,MEEPLES,54,-8,4,12,1,0,D,0,0,1,1,1,1,1
44,MUST_NOT_FEED,rod1:h6400,1988002,2,102,1,h6400,rod1,TILES,21,0,49,10,1,17,W,1,1,1,1,1,1,1
52,MUST_PUNISH_WEAK,h6400:random,1982006,6,8,0,h6400,random,TILES,68,0,11,8,1,98,W,0,1,1,1,1,1,1
45,MUST_NOT_FEED,rod1:h6400,1988002,2,130,1,h6400,rod1,TILES,7,10,46,10,0,17,W,0,0,0,0,0,0,0
55,MUST_PUNISH_WEAK,h6400:random,1982005,5,26,1,h6400,random,TILES,59,4,19,8,1,75,W,1,1,1,1,1,1,1
53,MUST_NOT_FEED,h6400:random,1982006,6,62,1,random,h6400,TILES,41,-19,23,9,1,-98,L,1,1,1,1,1,1,1
54,MUST_NOT_FEED,h6400:random,1982006,6,74,1,random,h6400,TILES,35,-25,38,9,1,-98,L,1,1,1,1,1,1,1
56,MUST_PUNISH_WEAK,h6400:random,1982005,5,31,1,h6400,random,MEEPLES,57,12,4,9,1,75,W,0,0,1,1,1,1,1
56,HIGH_VALUE_FARM_CLAIM_REFINED,h6400:random,1982005,5,31,1,h6400,random,MEEPLES,57,12,4,9,1,75,W,0,0,1,1,1,1,1
51,MUST_NOT_FEED,h6400:random,1982004,4,77,1,random,h6400,TILES,33,-26,28,8,1,-91,L,1,1,1,1,1,1,1
50,MUST_NOT_FEED,rod1:h6400,1988006,6,128,0,rod1,h6400,TILES,8,13,39,18,1,0,D,1,1,1,1,1,1,1
49,MUST_BLOCK_CITY,rod1:h6400,1988006,6,100,0,rod1,h6400,TILES,22,13,13,12,1,0,D,0,1,1,1,1,1,1
49,MUST_NOT_FEED,rod1:h6400,1988006,6,100,0,rod1,h6400,TILES,22,13,13,12,1,0,D,0,1,1,1,1,1,1
58,MUST_BLOCK_CITY,h6400:random,1982005,5,72,0,random,h6400,TILES,36,-17,36,8,0,-75,L,0,0,0,0,0,0,0
58,MUST_NOT_FEED,h6400:random,1982005,5,72,0,random,h6400,TILES,36,-17,36,8,0,-75,L,0,0,0,0,0,0,0
57,MUST_NOT_FEED,h6400:random,1982005,5,64,0,random,h6400,TILES,40,-17,32,8,0,-75,L,0,0,0,0,0,0,0
59,MUST_PUNISH_WEAK,h6400:random,1982007,7,18,1,h6400,random,TILES,63,0,12,10,1,53,W,1,1,1,1,1,1,1
60,MUST_PUNISH_WEAK,h6400:random,1982007,7,43,1,h6400,random,MEEPLES,51,14,3,9,1,53,W,0,0,1,1,1,1,1
60,HIGH_VALUE_FARM_CLAIM_REFINED,h6400:random,1982007,7,43,1,h6400,random,MEEPLES,51,14,3,9,1,53,W,0,0,1,1,1,1,1
61,MUST_PUNISH_WEAK,h3200:random,1983000,0,76,0,h3200,random,TILES,34,20,38,8,1,100,W,0,1,0,1,1,1,1
64,MUST_PUNISH_WEAK,h3200:random,1983001,1,70,1,h3200,random,TILES,37,10,28,12,1,86,W,0,1,1,1,1,1,1
66,MUST_PUNISH_WEAK,h3200:random,1983004,4,23,1,random,h3200,MEEPLES,61,-2,4,9,1,-54,L,0,0,1,1,1,1,1
66,HIGH_VALUE_FARM_CLAIM_REFINED,h3200:random,1983004,4,23,1,random,h3200,MEEPLES,61,-2,4,9,1,-54,L,0,0,1,1,1,1,1
68,MUST_PUNISH_WEAK,h3200:random,1983005,5,11,0,random,h3200,TILES,66,-4,17,8,0,-76,L,0,1,1,1,1,1,1
69,MUST_PUNISH_WEAK,h3200:random,1983006,6,40,0,h3200,random,TILES,52,11,18,10,1,88,W,0,1,1,1,1,1,1
62,MUST_NOT_FEED,h3200:random,1983000,0,126,1,random,h3200,TILES,9,-65,37,16,1,-100,L,1,1,1,1,1,1,1
70,MUST_PUNISH_WEAK,h3200:random,1983009,9,29,1,h3200,random,TILES,57,-2,14,14,1,87,W,0,1,1,1,1,1,1
65,MUST_PUNISH_WEAK,h3200:random,1983001,1,100,0,random,h3200,TILES,22,-36,51,10,0,-86,L,0,1,1,1,1,1,0
63,MUST_NOT_FEED,h3200:random,1983000,0,130,1,random,h3200,TILES,7,-68,34,15,1,-100,L,1,1,1,1,1,1,1
71,MUST_PUNISH_WEAK,h3200:random,1983009,9,32,0,random,h3200,MEEPLES,56,-12,4,9,0,-87,L,0,0,1,1,1,1,1
71,HIGH_VALUE_FARM_CLAIM_REFINED,h3200:random,1983009,9,32,0,random,h3200,MEEPLES,56,-12,4,9,0,-87,L,0,0,1,1,1,1,1
72,HIGH_VALUE_FARM_CLAIM_REFINED,h3200:random,1983009,9,36,0,random,h3200,MEEPLES,54,-12,3,12,0,-87,L,0,0,1,1,1,1,1
67,MUST_PUNISH_WEAK,h3200:random,1983002,2,84,0,h3200,random,TILES,30,20,27,10,1,109,W,0,1,1,1,1,1,0
75,MUST_NOT_FEED,h3200:random,1983008,8,26,1,random,h3200,TILES,59,0,20,8,1,-65,L,1,1,1,1,1,1,1
76,MUST_NOT_FEED,h3200:random,1983008,8,34,1,random,h3200,TILES,55,0,25,8,1,-65,L,1,1,1,1,1,1,1
74,MUST_NOT_FEED,h3200:random,1983009,9,123,0,random,h3200,TILES,10,-44,36,14,1,-87,L,1,1,1,1,1,1,1
73,MUST_NOT_FEED,h3200:random,1983009,9,111,0,random,h3200,TILES,16,-40,43,14,1,-87,L,1,1,1,1,1,1,1
78,MUST_PUNISH_WEAK,h3200:random,1983007,7,34,1,h3200,random,TILES,55,0,22,14,1,91,W,0,1,1,1,1,1,1
77,MUST_PUNISH_WEAK,h3200:random,1983008,8,108,0,h3200,random,TILES,18,0,47,12,1,65,W,0,1,1,1,1,1,1
79,MUST_PUNISH_WEAK,h3200:random,1983007,7,56,0,random,h3200,TILES,44,-20,31,10,0,-91,L,0,1,1,1,1,1,1
82,MUST_PUNISH_WEAK,h3200:random,1983010,10,16,0,h3200,random,TILES,64,0,16,18,1,87,W,0,1,1,1,1,1,1
81,MUST_PUNISH_WEAK,h800:h800,1986000,0,39,1,h800,h800,MEEPLES,53,-7,7,9,1,-20,L,0,0,1,1,1,1,1
81,HIGH_VALUE_FARM_CLAIM_REFINED,h800:h800,1986000,0,39,1,h800,h800,MEEPLES,53,-7,7,9,1,-20,L,0,0,1,1,1,1,1
80,MUST_PUNISH_WEAK,h800:h800,1986000,0,36,0,h800,h800,TILES,54,-3,24,10,1,20,W,0,1,1,1,1,1,1
84,MUST_PUNISH_WEAK,h800:h800,1986001,1,36,0,h800,h800,TILES,54,-4,8,10,1,41,W,0,1,1,1,1,1,1
83,MUST_PUNISH_WEAK,h3200:random,1983011,11,52,0,random,h3200,TILES,46,-31,26,12,0,-97,L,0,1,1,1,1,1,0
86,MUST_PUNISH_WEAK,h800:h800,1986002,2,31,1,h800,h800,MEEPLES,57,-3,3,9,1,3,W,0,0,1,1,1,1,1
86,HIGH_VALUE_FARM_CLAIM_REFINED,h800:h800,1986002,2,31,1,h800,h800,MEEPLES,57,-3,3,9,1,3,W,0,0,1,1,1,1,1
87,MUST_PUNISH_WEAK,h800:h800,1986002,2,64,0,h800,h800,TILES,40,-2,28,12,1,-3,L,0,0,0,1,0,0,0
85,MUST_PUNISH_WEAK,h800:h800,1986001,1,70,1,h800,h800,TILES,37,-23,18,14,1,-41,L,0,1,1,1,1,1,1
88,MUST_PUNISH_WEAK,h800:h800,1986003,3,12,0,h800,h800,TILES,66,-4,13,8,1,-52,L,0,1,1,1,1,1,1
92,MUST_PUNISH_WEAK,h800:h800,1986004,4,13,0,h800,h800,MEEPLES,66,0,3,9,1,0,D,1,0,1,1,1,1,1
92,HIGH_VALUE_FARM_CLAIM_REFINED,h800:h800,1986004,4,13,0,h800,h800,MEEPLES,66,0,3,9,1,0,D,1,0,1,1,1,1,1
93,MUST_PUNISH_WEAK,h800:h800,1986004,4,28,0,h800,h800,TILES,58,0,22,14,1,0,D,0,1,1,1,1,1,1
89,MUST_PUNISH_WEAK,h800:h800,1986003,3,64,0,h800,h800,TILES,40,-10,20,8,1,-52,L,0,1,1,1,1,1,1
90,HIGH_VALUE_FARM_CLAIM_REFINED,h800:h800,1986003,3,69,0,h800,h800,MEEPLES,38,-11,6,9,1,-52,L,0,0,1,1,1,1,1
95,MUST_PUNISH_WEAK,h800:h800,1986005,5,19,1,h800,h800,MEEPLES,63,-2,6,9,0,31,W,0,0,0,0,0,0,0
95,HIGH_VALUE_FARM_CLAIM_REFINED,h800:h800,1986005,5,19,1,h800,h800,MEEPLES,63,-2,6,9,0,31,W,0,0,0,0,0,0,0
96,MUST_PUNISH_WEAK,h800:h800,1986005,5,23,1,h800,h800,MEEPLES,61,-2,2,9,1,31,W,0,0,1,1,1,1,1
96,HIGH_VALUE_FARM_CLAIM_REFINED,h800:h800,1986005,5,23,1,h800,h800,MEEPLES,61,-2,2,9,1,31,W,0,0,1,1,1,1,1
99,MUST_PUNISH_WEAK,h800:h800,1986008,8,13,0,h800,h800,MEEPLES,66,0,5,9,1,3,W,1,0,1,1,0,1,1
99,HIGH_VALUE_FARM_CLAIM_REFINED,h800:h800,1986008,8,13,0,h800,h800,MEEPLES,66,0,5,9,1,3,W,1,0,1,1,0,1,1
100,MUST_PUNISH_WEAK,h800:h800,1986008,8,52,0,h800,h800,TILES,46,-8,25,14,1,3,W,0,1,1,1,1,1,1
97,MUST_NOT_FEED,h800:h800,1986005,5,114,1,h800,h800,TILES,15,12,36,9,1,31,W,1,1,1,1,1,1,1
94,MUST_NOT_FEED,h800:h800,1986004,4,136,0,h800,h800,TILES,4,36,21,13,1,0,D,1,1,1,1,1,1,1
101,MUST_NOT_FEED,h800:h800,1986008,8,130,1,h800,h800,TILES,7,-2,50,13,1,-3,L,1,1,1,1,1,1,1
98,MUST_NOT_FEED,h800:h800,1986005,5,118,1,h800,h800,TILES,13,12,44,10,1,31,W,1,1,1,1,1,1,1
103,MUST_PUNISH_WEAK,h6400:random,1982008,8,12,0,h6400,random,TILES,66,0,17,8,1,69,W,0,1,1,1,1,1,1
102,MUST_NOT_FEED,h800:h800,1986008,8,134,1,h800,h800,TILES,5,-2,52,13,1,-3,L,1,1,1,1,1,1,1
106,MUST_PUNISH_WEAK,h800:h800,1986006,6,66,1,h800,h800,TILES,39,6,40,12,1,0,D,0,1,1,1,1,1,1
104,MUST_NOT_FEED,h6400:random,1982008,8,48,0,h6400,random,TILES,48,22,21,8,1,69,W,1,1,1,1,1,1,1
108,MUST_NOT_FEED,h800:h800,1986006,6,74,1,h800,h800,TILES,35,18,30,8,0,0,D,0,0,0,0,0,0,0
107,MUST_NOT_FEED,h800:h800,1986006,6,70,1,h800,h800,TILES,37,18,26,8,0,0,D,0,0,0,0,0,0,0
105,MUST_PUNISH_WEAK,h800:h800,1986007,7,106,1,h800,h800,TILES,19,7,34,18,1,18,W,0,1,1,1,1,1,1
109,MUST_PUNISH_WEAK,h800:h800,1986006,6,76,0,h800,h800,TILES,34,-22,48,18,1,0,D,0,1,1,1,1,1,1
110,MUST_PUNISH_WEAK,h800:h800,1986009,9,46,1,h800,h800,TILES,49,3,40,8,1,-23,L,0,1,1,1,1,1,1
111,MUST_NOT_FEED,h800:h800,1986009,9,94,1,h800,h800,TILES,25,0,38,13,0,-23,L,0,0,0,0,0,0,0
114,MUST_PUNISH_WEAK,h800:h800,1986010,10,60,0,h800,h800,TILES,42,-2,30,8,1,14,W,0,1,1,1,1,1,1
113,MUST_PUNISH_WEAK,h800:h800,1986011,11,96,0,h800,h800,TILES,24,11,27,14,1,29,W,0,1,1,1,1,1,1
116,MUST_PUNISH_WEAK,h6400:random,1982009,9,62,1,h6400,random,MEEPLES,41,15,5,9,0,76,W,0,0,0,1,0,0,0
116,HIGH_VALUE_FARM_CLAIM_REFINED,h6400:random,1982009,9,62,1,h6400,random,MEEPLES,41,15,5,9,0,76,W,0,0,0,1,0,0,0
112,MUST_PUNISH_WEAK,h800:h800,1986009,9,96,0,h800,h800,TILES,24,-4,17,28,1,23,W,0,1,1,1,1,1,1
115,MUST_PUNISH_WEAK,h800:h800,1986010,10,62,1,h800,h800,TILES,41,-6,30,14,1,-14,L,0,1,1,1,1,1,1
117,MUST_PUNISH_WEAK,h6400:random,1982009,9,73,1,h6400,random,TILES,35,15,53,8,1,76,W,0,1,1,1,1,1,1
119,MUST_NOT_FEED,rod1:rod1,1985000,0,110,1,rod1,rod1,TILES,17,10,37,12,0,26,W,0,0,0,0,0,0,0
121,MUST_PUNISH_WEAK,rod1:rod1,1985004,4,55,0,rod1,rod1,TILES,44,-9,32,18,1,-18,L,0,1,1,1,1,1,1
123,MUST_PUNISH_WEAK,rod1:rod1,1985001,1,16,0,rod1,rod1,TILES,64,4,14,8,1,34,W,0,1,1,1,1,1,1
91,HIGH_VALUE_FARM_CLAIM_REFINED,h800:h800,1986003,3,141,0,h800,h800,MEEPLES,2,-42,7,9,1,-52,L,0,1,1,1,1,1,1
118,MUST_PUNISH_WEAK,rod1:rod1,1985000,0,99,1,rod1,rod1,MEEPLES,23,6,4,12,0,26,W,0,0,0,0,0,0,0
118,HIGH_VALUE_FARM_CLAIM_REFINED,rod1:rod1,1985000,0,99,1,rod1,rod1,MEEPLES,23,6,4,12,0,26,W,0,0,0,0,0,0,0
122,MUST_PUNISH_WEAK,rod1:rod1,1985004,4,64,0,rod1,rod1,MEEPLES,40,13,6,9,1,-18,L,0,1,1,1,1,1,1
122,HIGH_VALUE_FARM_CLAIM_REFINED,rod1:rod1,1985004,4,64,0,rod1,rod1,MEEPLES,40,13,6,9,1,-18,L,0,1,1,1,1,1,1
120,MUST_NOT_FEED,rod1:rod1,1985000,0,132,0,rod1,rod1,TILES,6,-17,41,8,0,-26,L,0,0,0,0,0,0,0
120,MUST_PUNISH_WEAK,rod1:rod1,1985000,0,132,0,rod1,rod1,TILES,6,-17,41,10,0,-26,L,0,1,0,1,1,1,0
127,MUST_NOT_FEED,rod1:rod1,1985002,2,36,0,rod1,rod1,TILES,54,-7,18,8,1,-16,L,0,1,1,1,1,1,1
125,MUST_PUNISH_WEAK,rod1:rod1,1985003,3,48,0,rod1,rod1,TILES,48,-5,36,8,0,14,W,0,1,0,1,1,1,0
129,MUST_PUNISH_WEAK,rod1:rod1,1985007,7,49,0,rod1,rod1,MEEPLES,48,10,4,9,1,27,W,0,0,1,1,1,1,1
129,HIGH_VALUE_FARM_CLAIM_REFINED,rod1:rod1,1985007,7,49,0,rod1,rod1,MEEPLES,48,10,4,9,1,27,W,0,0,1,1,1,1,1
126,MUST_PUNISH_WEAK,rod1:rod1,1985003,3,76,0,rod1,rod1,TILES,34,-4,25,20,1,14,W,0,1,1,1,1,1,1
128,MUST_PUNISH_WEAK,rod1:rod1,1985002,2,49,0,rod1,rod1,MEEPLES,48,-9,4,9,1,-16,L,0,0,1,1,1,1,1
128,HIGH_VALUE_FARM_CLAIM_REFINED,rod1:rod1,1985002,2,49,0,rod1,rod1,MEEPLES,48,-9,4,9,1,-16,L,0,0,1,1,1,1,1
124,MUST_PUNISH_WEAK,rod1:rod1,1985001,1,112,0,rod1,rod1,TILES,16,2,35,10,1,34,W,0,1,1,1,1,1,1
133,MUST_PUNISH_WEAK,rod1:rod1,1985005,5,17,0,rod1,rod1,MEEPLES,64,2,4,12,1,2,W,1,0,1,1,1,1,1
133,HIGH_VALUE_FARM_CLAIM_REFINED,rod1:rod1,1985005,5,17,0,rod1,rod1,MEEPLES,64,2,4,12,1,2,W,1,0,1,1,1,1,1
132,MUST_PUNISH_WEAK,rod1:rod1,1985007,7,80,0,rod1,rod1,TILES,32,11,43,18,1,27,W,0,1,1,1,1,1,1
130,MUST_NOT_FEED,rod1:rod1,1985007,7,68,0,rod1,rod1,TILES,38,11,21,9,1,27,W,1,1,1,1,1,1,1
134,MUST_NOT_FEED,rod1:rod1,1985005,5,40,0,rod1,rod1,TILES,52,2,16,8,1,2,W,1,1,1,1,1,1,1
135,MUST_PUNISH_WEAK,rod1:rod1,1985005,5,60,0,rod1,rod1,TILES,42,-4,28,8,1,2,W,0,1,1,1,1,1,1
137,MUST_PUNISH_WEAK,rod1:rod1,1985006,6,50,1,rod1,rod1,TILES,47,5,19,12,1,-30,L,0,1,1,1,1,1,1
136,HIGH_VALUE_FARM_CLAIM_REFINED,rod1:rod1,1985005,5,79,1,rod1,rod1,MEEPLES,33,9,5,9,1,-2,L,0,1,1,1,1,1,1
138,MUST_PUNISH_WEAK,rod1:rod1,1985006,6,52,0,rod1,rod1,TILES,46,-17,31,14,1,30,W,0,1,1,1,1,1,1
131,MUST_NOT_FEED,rod1:rod1,1985007,7,70,1,rod1,rod1,TILES,37,-11,13,8,0,-27,L,1,1,1,1,1,1,0
141,MUST_PUNISH_WEAK,rod1:rod1,1985009,9,51,1,rod1,rod1,MEEPLES,47,11,6,9,1,42,W,0,0,1,1,1,1,1
141,HIGH_VALUE_FARM_CLAIM_REFINED,rod1:rod1,1985009,9,51,1,rod1,rod1,MEEPLES,47,11,6,9,1,42,W,0,0,1,1,1,1,1
140,MUST_NOT_FEED,rod1:rod1,1985006,6,110,1,rod1,rod1,TILES,17,-2,30,9,1,-30,L,1,1,1,1,1,1,1
143,MUST_NOT_FEED,rod1:rod1,1985009,9,86,1,rod1,rod1,TILES,29,19,33,9,1,42,W,1,1,1,1,1,1,1
142,MUST_PUNISH_WEAK,rod1:rod1,1985009,9,74,1,rod1,rod1,TILES,35,11,34,18,1,42,W,0,1,1,1,1,1,1
139,MUST_NOT_FEED,rod1:rod1,1985006,6,102,1,rod1,rod1,TILES,21,-2,23,8,1,-30,L,1,1,1,1,1,1,1
145,MUST_PUNISH_WEAK,rod1:rod1,1985011,11,10,1,rod1,rod1,TILES,67,0,6,8,0,3,W,0,1,1,1,1,0,0
146,MUST_NOT_FEED,rod1:rod1,1985011,11,24,0,rod1,rod1,TILES,60,-7,26,10,0,-3,L,0,1,1,1,1,1,0
144,MUST_NOT_FEED,rod1:rod1,1985009,9,90,1,rod1,rod1,TILES,27,19,41,9,1,42,W,1,1,1,1,1,1,1
147,MUST_NOT_FEED,rod1:rod1,1985011,11,26,1,rod1,rod1,TILES,59,7,7,10,0,3,W,0,0,0,0,0,0,0
148,MUST_BLOCK_CITY,rod1:rod1,1985011,11,28,0,rod1,rod1,TILES,58,-9,5,10,0,-3,L,0,0,0,0,0,0,0
152,MUST_PUNISH_WEAK,rod1:rod1,1985012,12,16,0,rod1,rod1,TILES,64,-2,20,14,1,20,W,0,1,1,1,1,1,1
149,MUST_BLOCK_CITY,rod1:rod1,1985011,11,38,1,rod1,rod1,TILES,53,5,19,10,0,3,W,0,0,0,0,0,0,0
150,MUST_PUNISH_WEAK,rod1:rod1,1985011,11,51,1,rod1,rod1,MEEPLES,47,5,4,9,0,3,W,0,0,0,0,0,0,0
150,HIGH_VALUE_FARM_CLAIM_REFINED,rod1:rod1,1985011,11,51,1,rod1,rod1,MEEPLES,47,5,4,9,0,3,W,0,0,0,0,0,0,0
151,HIGH_VALUE_FARM_CLAIM_REFINED,rod1:rod1,1985011,11,75,1,rod1,rod1,MEEPLES,35,12,5,9,1,3,W,0,1,1,1,1,1,1
153,MUST_PUNISH_WEAK,rod1:rod1,1985012,12,19,1,rod1,rod1,MEEPLES,63,-12,4,9,1,-20,L,1,0,1,1,1,1,1
153,HIGH_VALUE_FARM_CLAIM_REFINED,rod1:rod1,1985012,12,19,1,rod1,rod1,MEEPLES,63,-12,4,9,1,-20,L,1,0,1,1,1,1,1
155,MUST_NOT_FEED,rod1:rod1,1985008,8,22,1,rod1,rod1,TILES,61,3,12,8,1,5,W,1,1,1,1,1,1,1
154,HIGH_VALUE_FARM_CLAIM_REFINED,rod1:rod1,1985012,12,33,0,rod1,rod1,MEEPLES,56,6,3,9,1,20,W,0,0,1,1,1,1,1
156,MUST_PUNISH_WEAK,rod1:rod1,1985008,8,80,0,rod1,rod1,TILES,32,-4,27,12,1,-5,L,0,1,1,1,1,1,1
161,MUST_NOT_FEED,rod1:random,1980000,0,30,1,random,rod1,TILES,57,0,11,8,1,-77,L,1,1,1,1,1,1,1
160,MUST_PUNISH_WEAK,rod1:rod1,1985013,13,46,1,rod1,rod1,TILES,49,4,40,8,1,6,W,0,1,1,1,1,1,1
165,MUST_PUNISH_WEAK,rod1:random,1980001,1,17,0,random,rod1,MEEPLES,64,0,4,9,0,-55,L,0,0,1,1,1,1,1
165,HIGH_VALUE_FARM_CLAIM_REFINED,rod1:random,1980001,1,17,0,random,rod1,MEEPLES,64,0,4,9,0,-55,L,0,0,1,1,1,1,1
157,MUST_NOT_FEED,rod1:rod1,1985010,10,80,0,rod1,rod1,TILES,32,-13,30,8,1,22,W,1,1,1,1,1,1,1
157,MUST_PUNISH_WEAK,rod1:rod1,1985010,10,80,0,rod1,rod1,TILES,32,-13,30,16,1,22,W,0,1,1,1,1,1,1
166,MUST_PUNISH_WEAK,rod1:random,1980001,1,23,1,rod1,random,MEEPLES,61,0,3,9,1,55,W,0,0,1,1,1,1,1
166,HIGH_VALUE_FARM_CLAIM_REFINED,rod1:random,1980001,1,23,1,rod1,random,MEEPLES,61,0,3,9,1,55,W,0,0,1,1,1,1,1
162,MUST_NOT_FEED,rod1:random,1980000,0,34,1,random,rod1,TILES,55,-2,20,8,1,-77,L,1,1,1,1,1,1,1
164,MUST_PUNISH_WEAK,rod1:random,1980000,0,52,0,rod1,random,TILES,46,2,16,22,1,77,W,0,1,1,1,1,1,1
158,MUST_PUNISH_WEAK,rod1:rod1,1985010,10,93,0,rod1,rod1,MEEPLES,26,5,8,9,1,22,W,1,0,1,1,1,1,1
158,HIGH_VALUE_FARM_CLAIM_REFINED,rod1:rod1,1985010,10,93,0,rod1,rod1,MEEPLES,26,5,8,9,1,22,W,1,0,1,1,1,1,1
163,MUST_BLOCK_CITY,rod1:random,1980000,0,38,1,random,rod1,TILES,53,-2,21,8,1,-77,L,0,0,0,0,0,0,0
159,MUST_NOT_FEED,rod1:rod1,1985010,10,134,1,rod1,rod1,TILES,5,-17,30,9,1,-22,L,1,1,1,1,1,1,1
167,MUST_NOT_FEED,rod1:random,1980001,1,28,0,random,rod1,TILES,58,0,19,8,1,-55,L,1,1,1,1,1,1,1
168,MUST_NOT_FEED,rod1:random,1980001,1,44,0,random,rod1,TILES,50,4,25,8,1,-55,L,1,1,1,1,1,1,1
169,MUST_NOT_FEED,rod1:random,1980003,3,56,0,random,rod1,TILES,44,-24,31,11,1,-63,L,1,1,1,1,1,1,1
175,MUST_PUNISH_WEAK,greedy:greedy,1987000,0,39,1,greedy,greedy,MEEPLES,53,-1,3,9,0,-18,L,1,0,1,1,1,1,1
175,HIGH_VALUE_FARM_CLAIM_REFINED,greedy:greedy,1987000,0,39,1,greedy,greedy,MEEPLES,53,-1,3,9,0,-18,L,1,0,1,1,1,1,1
172,MUST_PUNISH_WEAK,rod1:random,1980002,2,27,1,random,rod1,MEEPLES,59,0,4,9,0,-71,L,0,0,1,1,1,1,1
172,HIGH_VALUE_FARM_CLAIM_REFINED,rod1:random,1980002,2,27,1,random,rod1,MEEPLES,59,0,4,9,0,-71,L,0,0,1,1,1,1,1
173,MUST_PUNISH_WEAK,rod1:random,1980002,2,29,0,rod1,random,MEEPLES,58,0,4,12,1,71,W,1,0,1,1,1,1,1
173,HIGH_VALUE_FARM_CLAIM_REFINED,rod1:random,1980002,2,29,0,rod1,random,MEEPLES,58,0,4,12,1,71,W,1,0,1,1,1,1,1
176,MUST_NOT_FEED,greedy:greedy,1987000,0,48,0,greedy,greedy,TILES,48,-3,46,9,1,18,W,1,1,1,1,1,1,1
177,MUST_NOT_FEED,greedy:greedy,1987000,0,84,0,greedy,greedy,TILES,30,7,32,9,1,18,W,1,1,1,1,1,1,1
178,MUST_PUNISH_WEAK,greedy:greedy,1987000,0,100,0,greedy,greedy,TILES,22,6,41,10,1,18,W,0,1,1,1,1,1,1
170,MUST_NOT_FEED,rod1:random,1980003,3,60,0,random,rod1,TILES,42,-24,37,11,1,-63,L,1,1,1,1,1,1,1
180,MUST_PUNISH_WEAK,greedy:greedy,1987001,1,72,0,greedy,greedy,TILES,36,2,38,8,1,24,W,0,1,1,1,1,1,1
174,MUST_PUNISH_WEAK,rod1:random,1980004,4,53,0,rod1,random,MEEPLES,46,20,4,9,1,67,W,0,0,1,1,1,1,1
174,HIGH_VALUE_FARM_CLAIM_REFINED,rod1:random,1980004,4,53,0,rod1,random,MEEPLES,46,20,4,9,1,67,W,0,0,1,1,1,1,1
179,MUST_PUNISH_WEAK,greedy:greedy,1987001,1,31,1,greedy,greedy,MEEPLES,57,-4,5,9,0,-24,L,0,0,1,1,1,1,1
179,HIGH_VALUE_FARM_CLAIM_REFINED,greedy:greedy,1987001,1,31,1,greedy,greedy,MEEPLES,57,-4,5,9,0,-24,L,0,0,1,1,1,1,1
181,MUST_NOT_FEED,greedy:greedy,1987001,1,102,1,greedy,greedy,TILES,21,-10,30,23,1,-24,L,1,1,1,1,1,1,1
183,MUST_PUNISH_WEAK,rod1:random,1980005,5,22,1,rod1,random,TILES,61,-4,20,14,1,50,W,0,1,1,1,1,1,1
187,MUST_PUNISH_WEAK,rod1:random,1980006,6,35,1,random,rod1,MEEPLES,55,-15,6,9,0,-43,L,1,0,0,0,0,0,0
187,HIGH_VALUE_FARM_CLAIM_REFINED,rod1:random,1980006,6,35,1,random,rod1,MEEPLES,55,-15,6,9,0,-43,L,1,0,0,0,0,0,0
186,MUST_PUNISH_WEAK,rod1:random,1980006,6,8,0,rod1,random,TILES,68,0,10,10,1,43,W,0,1,1,1,1,1,1
182,MUST_NOT_FEED,greedy:greedy,1987001,1,126,1,greedy,greedy,TILES,9,-25,37,23,1,-24,L,1,1,1,1,1,1,1
185,HIGH_VALUE_FARM_CLAIM_REFINED,rod1:random,1980005,5,95,1,rod1,random,MEEPLES,25,16,5,15,0,50,W,0,1,1,1,1,1,0
184,MUST_PUNISH_WEAK,rod1:random,1980005,5,91,1,rod1,random,MEEPLES,27,16,4,9,0,50,W,0,1,1,1,1,1,0
184,HIGH_VALUE_FARM_CLAIM_REFINED,rod1:random,1980005,5,91,1,rod1,random,MEEPLES,27,16,4,9,0,50,W,0,1,1,1,1,1,0
188,MUST_PUNISH_WEAK,greedy:greedy,1987002,2,25,0,greedy,greedy,MEEPLES,60,-6,4,12,0,-9,L,0,0,1,1,1,1,1
188,HIGH_VALUE_FARM_CLAIM_REFINED,greedy:greedy,1987002,2,25,0,greedy,greedy,MEEPLES,60,-6,4,12,0,-9,L,0,0,1,1,1,1,1
192,MUST_PUNISH_WEAK,greedy:greedy,1987003,3,38,1,greedy,greedy,TILES,53,2,24,12,1,-42,L,0,1,1,1,1,1,1
189,MUST_PUNISH_WEAK,greedy:greedy,1987002,2,45,0,greedy,greedy,MEEPLES,50,-6,4,9,0,-9,L,0,0,1,1,1,1,1
189,HIGH_VALUE_FARM_CLAIM_REFINED,greedy:greedy,1987002,2,45,0,greedy,greedy,MEEPLES,50,-6,4,9,0,-9,L,0,0,1,1,1,1,1
193,MUST_PUNISH_WEAK,greedy:greedy,1987003,3,52,0,greedy,greedy,TILES,46,-5,33,10,1,42,W,0,1,1,1,1,1,1
190,MUST_NOT_FEED,greedy:greedy,1987002,2,92,0,greedy,greedy,TILES,26,9,38,8,1,-9,L,1,1,1,1,1,1,1
191,MUST_NOT_FEED,greedy:greedy,1987002,2,118,1,greedy,greedy,TILES,13,0,40,8,1,9,W,1,1,1,1,1,1,1
194,MUST_NOT_FEED,greedy:greedy,1987003,3,124,0,greedy,greedy,TILES,10,22,38,12,1,42,W,1,1,1,1,1,1,1
197,MUST_NOT_FEED,greedy:greedy,1987004,4,84,0,greedy,greedy,TILES,30,11,25,9,1,10,W,1,1,1,1,1,1,1
195,MUST_PUNISH_WEAK,greedy:greedy,1987004,4,19,1,greedy,greedy,MEEPLES,63,0,3,9,0,-10,L,1,0,1,1,1,1,1
195,HIGH_VALUE_FARM_CLAIM_REFINED,greedy:greedy,1987004,4,19,1,greedy,greedy,MEEPLES,63,0,3,9,0,-10,L,1,0,1,1,1,1,1
171,MUST_PUNISH_WEAK,rod1:random,1980003,3,140,0,random,rod1,TILES,2,-61,32,8,0,-63,L,0,1,1,1,1,1,0
200,MUST_PUNISH_WEAK,greedy:greedy,1987006,6,28,0,greedy,greedy,MEEPLES,58,4,6,9,0,-10,L,0,0,1,1,1,1,1
200,HIGH_VALUE_FARM_CLAIM_REFINED,greedy:greedy,1987006,6,28,0,greedy,greedy,MEEPLES,58,4,6,9,0,-10,L,0,0,1,1,1,1,1
196,MUST_PUNISH_WEAK,greedy:greedy,1987004,4,23,1,greedy,greedy,MEEPLES,61,0,3,9,0,-10,L,0,0,1,1,1,1,1
196,HIGH_VALUE_FARM_CLAIM_REFINED,greedy:greedy,1987004,4,23,1,greedy,greedy,MEEPLES,61,0,3,9,0,-10,L,0,0,1,1,1,1,1
198,MUST_NOT_FEED,greedy:greedy,1987004,4,94,1,greedy,greedy,TILES,25,-11,39,10,1,-10,L,1,1,1,1,1,1,1
199,MUST_PUNISH_WEAK,rod1:random,1980007,7,22,1,rod1,random,TILES,61,0,11,16,1,53,W,0,1,1,1,1,1,1
201,MUST_PUNISH_WEAK,greedy:greedy,1987006,6,44,0,greedy,greedy,MEEPLES,50,7,3,9,0,-10,L,1,0,1,1,1,1,1
201,HIGH_VALUE_FARM_CLAIM_REFINED,greedy:greedy,1987006,6,44,0,greedy,greedy,MEEPLES,50,7,3,9,0,-10,L,1,0,1,1,1,1,1
202,MUST_NOT_FEED,greedy:greedy,1987006,6,69,1,greedy,greedy,TILES,37,-11,34,8,1,10,W,1,1,1,1,1,1,1
204,MUST_PUNISH_WEAK,greedy:greedy,1987005,5,14,1,greedy,greedy,TILES,65,-4,21,10,1,-6,L,0,1,1,1,1,1,1
205,MUST_PUNISH_WEAK,greedy:greedy,1987005,5,44,0,greedy,greedy,TILES,50,-2,30,8,1,6,W,0,1,1,1,1,1,1
206,MUST_NOT_FEED,greedy:greedy,1987005,5,134,1,greedy,greedy,TILES,5,2,76,10,1,-6,L,1,1,1,1,1,1,1
203,MUST_NOT_FEED,greedy:greedy,1987006,6,73,1,greedy,greedy,TILES,35,-15,31,8,1,10,W,1,1,1,1,1,1,1
208,MUST_PUNISH_WEAK,greedy:greedy,1987007,7,48,0,greedy,greedy,TILES,48,5,30,16,1,25,W,1,1,1,1,1,1,1
207,MUST_NOT_FEED,greedy:greedy,1987005,5,138,1,greedy,greedy,TILES,3,2,52,10,1,-6,L,1,1,1,1,1,1,1
210,MUST_PUNISH_WEAK,greedy:greedy,1987010,10,30,1,greedy,greedy,MEEPLES,57,-2,3,9,0,46,W,1,0,1,1,1,1,1
210,HIGH_VALUE_FARM_CLAIM_REFINED,greedy:greedy,1987010,10,30,1,greedy,greedy,MEEPLES,57,-2,3,9,0,46,W,1,0,1,1,1,1,1
211,MUST_PUNISH_WEAK,greedy:greedy,1987010,10,39,0,greedy,greedy,TILES,52,-2,20,8,1,-46,L,0,1,1,1,1,1,1
209,MUST_PUNISH_WEAK,greedy:greedy,1987007,7,114,1,greedy,greedy,TILES,15,-24,56,12,1,-25,L,0,1,1,1,1,1,1
215,MUST_PUNISH_WEAK,greedy:greedy,1987008,8,26,1,greedy,greedy,TILES,59,-9,14,14,1,18,W,0,1,1,1,1,1,1
213,MUST_NOT_FEED,greedy:greedy,1987010,10,101,1,greedy,greedy,TILES,21,11,44,9,1,46,W,1,1,1,1,1,1,1
212,HIGH_VALUE_FARM_CLAIM_REFINED,greedy:greedy,1987010,10,98,1,greedy,greedy,MEEPLES,23,11,6,30,1,46,W,0,1,1,1,1,1,1
217,MUST_NOT_FEED,greedy:greedy,1987008,8,106,1,greedy,greedy,TILES,19,-2,65,9,1,18,W,1,1,1,1,1,1,1
219,MUST_NOT_FEED,greedy:greedy,1987009,9,22,1,greedy,greedy,TILES,61,0,11,9,1,7,W,0,1,1,1,1,1,1
214,MUST_NOT_FEED,greedy:greedy,1987010,10,105,1,greedy,greedy,TILES,19,15,44,9,1,46,W,0,1,1,1,1,1,1
216,MUST_PUNISH_WEAK,greedy:greedy,1987008,8,57,0,greedy,greedy,MEEPLES,44,5,3,9,1,-18,L,0,0,1,1,1,1,1
216,HIGH_VALUE_FARM_CLAIM_REFINED,greedy:greedy,1987008,8,57,0,greedy,greedy,MEEPLES,44,5,3,9,1,-18,L,0,0,1,1,1,1,1
220,MUST_PUNISH_WEAK,greedy:greedy,1987009,9,31,1,greedy,greedy,MEEPLES,57,0,4,12,0,7,W,0,0,1,1,1,1,1
220,HIGH_VALUE_FARM_CLAIM_REFINED,greedy:greedy,1987009,9,31,1,greedy,greedy,MEEPLES,57,0,4,12,0,7,W,0,0,1,1,1,1,1
218,MUST_BLOCK_CITY,greedy:greedy,1987008,8,114,1,greedy,greedy,TILES,15,12,30,9,1,18,W,0,1,1,1,1,1,1
218,MUST_NOT_FEED,greedy:greedy,1987008,8,114,1,greedy,greedy,TILES,15,12,30,9,1,18,W,0,1,1,1,1,1,1
221,MUST_PUNISH_WEAK,greedy:greedy,1987009,9,35,1,greedy,greedy,MEEPLES,55,0,5,12,0,7,W,0,0,1,1,1,1,0
221,HIGH_VALUE_FARM_CLAIM_REFINED,greedy:greedy,1987009,9,35,1,greedy,greedy,MEEPLES,55,0,5,12,0,7,W,0,0,1,1,1,1,0
224,MUST_PUNISH_WEAK,greedy:greedy,1987011,11,17,0,greedy,greedy,MEEPLES,64,7,4,9,0,14,W,0,0,1,1,1,1,1
224,HIGH_VALUE_FARM_CLAIM_REFINED,greedy:greedy,1987011,11,17,0,greedy,greedy,MEEPLES,64,7,4,9,0,14,W,0,0,1,1,1,1,1
223,MUST_PUNISH_WEAK,greedy:greedy,1987011,11,15,1,greedy,greedy,MEEPLES,65,-7,5,9,0,-14,L,0,0,1,1,1,1,1
223,HIGH_VALUE_FARM_CLAIM_REFINED,greedy:greedy,1987011,11,15,1,greedy,greedy,MEEPLES,65,-7,5,9,0,-14,L,0,0,1,1,1,1,1
226,MUST_PUNISH_WEAK,rod1:random,1980011,11,15,1,rod1,random,TILES,63,0,13,12,1,51,W,0,1,1,1,1,1,1
222,MUST_NOT_FEED,greedy:greedy,1987009,9,54,1,greedy,greedy,TILES,45,-4,36,10,1,7,W,1,1,1,1,1,1,1
228,MUST_PUNISH_WEAK,greedy:random,1981001,1,21,0,random,greedy,MEEPLES,62,0,4,9,1,-79,L,0,0,1,1,1,1,1
228,HIGH_VALUE_FARM_CLAIM_REFINED,greedy:random,1981001,1,21,0,random,greedy,MEEPLES,62,0,4,9,1,-79,L,0,0,1,1,1,1,1
227,MUST_PUNISH_WEAK,rod1:random,1980011,11,47,1,rod1,random,TILES,47,16,28,10,0,51,W,0,0,0,0,0,0,0
232,MUST_PUNISH_WEAK,greedy:random,1981002,2,15,1,random,greedy,MEEPLES,65,-3,6,9,0,-79,L,0,0,1,1,1,1,1
232,HIGH_VALUE_FARM_CLAIM_REFINED,greedy:random,1981002,2,15,1,random,greedy,MEEPLES,65,-3,6,9,0,-79,L,0,0,1,1,1,1,1
225,MUST_BLOCK_CITY,greedy:greedy,1987011,11,124,0,greedy,greedy,TILES,10,19,37,10,0,14,W,0,0,1,1,1,1,0
225,MUST_NOT_FEED,greedy:greedy,1987011,11,124,0,greedy,greedy,TILES,10,19,37,10,0,14,W,0,0,1,1,1,1,0
229,MUST_NOT_FEED,greedy:random,1981001,1,44,0,random,greedy,TILES,50,-4,25,8,1,-79,L,1,1,1,1,1,1,1
231,MUST_PUNISH_WEAK,greedy:random,1981001,1,95,1,greedy,random,MEEPLES,25,17,5,15,0,79,W,0,0,1,1,1,1,1
231,HIGH_VALUE_FARM_CLAIM_REFINED,greedy:random,1981001,1,95,1,greedy,random,MEEPLES,25,17,5,15,0,79,W,0,0,1,1,1,1,1
233,MUST_PUNISH_WEAK,greedy:random,1981002,2,17,0,greedy,random,MEEPLES,64,3,4,9,0,79,W,0,0,1,1,1,1,1
233,HIGH_VALUE_FARM_CLAIM_REFINED,greedy:random,1981002,2,17,0,greedy,random,MEEPLES,64,3,4,9,0,79,W,0,0,1,1,1,1,1
234,MUST_PUNISH_WEAK,greedy:random,1981003,3,14,1,greedy,random,TILES,65,0,12,12,1,66,W,0,1,0,1,1,1,0
230,MUST_NOT_FEED,greedy:random,1981001,1,92,0,random,greedy,TILES,26,-17,45,10,1,-79,L,1,1,1,1,1,1,1
235,MUST_PUNISH_WEAK,greedy:random,1981003,3,33,0,random,greedy,MEEPLES,56,-16,4,9,0,-66,L,0,0,1,1,1,1,1
235,HIGH_VALUE_FARM_CLAIM_REFINED,greedy:random,1981003,3,33,0,random,greedy,MEEPLES,56,-16,4,9,0,-66,L,0,0,1,1,1,1,1
236,HIGH_VALUE_FARM_CLAIM_REFINED,greedy:random,1981003,3,37,0,random,greedy,MEEPLES,54,-16,5,9,0,-66,L,1,0,1,1,1,1,1
239,MUST_PUNISH_WEAK,greedy:random,1981000,0,31,1,random,greedy,MEEPLES,57,-6,4,9,0,-71,L,1,0,1,1,1,1,1
239,HIGH_VALUE_FARM_CLAIM_REFINED,greedy:random,1981000,0,31,1,random,greedy,MEEPLES,57,-6,4,9,0,-71,L,1,0,1,1,1,1,1
240,MUST_PUNISH_WEAK,greedy:random,1981000,0,32,0,greedy,random,TILES,56,6,23,8,1,71,W,0,1,1,1,1,1,1
238,MUST_NOT_FEED,greedy:random,1981000,0,30,1,random,greedy,TILES,57,-6,17,8,1,-71,L,1,1,1,1,1,1,1
237,MUST_NOT_FEED,greedy:random,1981003,3,138,1,greedy,random,TILES,3,47,38,14,1,66,W,1,1,1,1,1,1,0
242,MUST_PUNISH_WEAK,greedy:random,1981004,4,5,0,greedy,random,MEEPLES,70,0,4,9,0,62,W,1,0,0,0,0,0,0
242,HIGH_VALUE_FARM_CLAIM_REFINED,greedy:random,1981004,4,5,0,greedy,random,MEEPLES,70,0,4,9,0,62,W,1,0,0,0,0,0,0
241,MUST_NOT_FEED,greedy:random,1981000,0,38,1,random,greedy,TILES,53,-14,21,9,1,-71,L,1,1,1,1,1,1,1
243,MUST_PUNISH_WEAK,greedy:random,1981004,4,15,1,random,greedy,MEEPLES,65,-4,4,15,0,-62,L,0,0,1,1,1,1,1
243,HIGH_VALUE_FARM_CLAIM_REFINED,greedy:random,1981004,4,15,1,random,greedy,MEEPLES,65,-4,4,15,0,-62,L,0,0,1,1,1,1,1
246,MUST_PUNISH_WEAK,rod1:random,1980008,8,8,0,rod1,random,TILES,68,0,9,10,1,51,W,0,1,1,1,1,1,1
244,MUST_NOT_FEED,greedy:random,1981004,4,34,1,random,greedy,TILES,55,-8,25,10,1,-62,L,1,1,1,1,1,1,1
245,MUST_NOT_FEED,greedy:random,1981004,4,62,1,random,greedy,TILES,41,-14,31,10,1,-62,L,1,1,1,1,1,1,1
250,MUST_PUNISH_WEAK,greedy:random,1981007,7,9,0,random,greedy,MEEPLES,68,-4,6,9,0,-66,L,0,0,1,1,1,1,1
250,HIGH_VALUE_FARM_CLAIM_REFINED,greedy:random,1981007,7,9,0,random,greedy,MEEPLES,68,-4,6,9,0,-66,L,0,0,1,1,1,1,1
247,MUST_NOT_FEED,rod1:random,1980008,8,82,1,random,rod1,TILES,31,-10,17,9,1,-51,L,1,0,0,0,0,0,0
249,MUST_PUNISH_WEAK,rod1:random,1980008,8,137,0,rod1,random,MEEPLES,4,19,5,27,0,51,W,0,1,1,1,1,1,0
249,HIGH_VALUE_FARM_CLAIM_REFINED,rod1:random,1980008,8,137,0,rod1,random,MEEPLES,4,19,5,27,0,51,W,0,1,1,1,1,1,0
251,MUST_PUNISH_WEAK,greedy:random,1981007,7,15,1,greedy,random,MEEPLES,65,4,3,9,0,66,W,0,0,1,1,1,1,1
251,HIGH_VALUE_FARM_CLAIM_REFINED,greedy:random,1981007,7,15,1,greedy,random,MEEPLES,65,4,3,9,0,66,W,0,0,1,1,1,1,1
248,MUST_NOT_FEED,rod1:random,1980008,8,94,1,random,rod1,TILES,25,-10,30,9,1,-51,L,1,1,0,0,0,0,1
253,MUST_PUNISH_WEAK,greedy:random,1981006,6,27,1,random,greedy,MEEPLES,59,-5,6,9,0,-59,L,0,0,1,1,1,1,1
253,HIGH_VALUE_FARM_CLAIM_REFINED,greedy:random,1981006,6,27,1,random,greedy,MEEPLES,59,-5,6,9,0,-59,L,0,0,1,1,1,1,1
254,MUST_PUNISH_WEAK,greedy:random,1981006,6,29,0,greedy,random,MEEPLES,58,5,5,12,0,59,W,0,0,0,1,1,1,0
254,HIGH_VALUE_FARM_CLAIM_REFINED,greedy:random,1981006,6,29,0,greedy,random,MEEPLES,58,5,5,12,0,59,W,0,0,0,1,1,1,0
252,MUST_NOT_FEED,greedy:random,1981007,7,96,0,random,greedy,TILES,24,-26,42,9,1,-66,L,1,1,1,1,1,1,1
257,MUST_PUNISH_WEAK,greedy:random,1981005,5,45,1,greedy,random,TILES,49,4,18,8,1,62,W,0,1,1,1,1,1,1
259,MUST_PUNISH_WEAK,greedy:random,1981009,9,42,1,greedy,random,TILES,51,4,29,10,1,58,W,0,1,1,1,1,1,1
258,MUST_PUNISH_WEAK,greedy:random,1981005,5,125,1,greedy,random,TILES,9,10,38,14,1,62,W,0,1,1,1,1,1,1
256,MUST_NOT_FEED,greedy:random,1981006,6,102,1,random,greedy,TILES,21,-21,36,11,1,-59,L,1,1,1,1,1,1,1
261,MUST_PUNISH_WEAK,greedy:random,1981010,10,44,0,greedy,random,TILES,50,0,27,14,1,64,W,0,1,1,1,1,1,1
255,MUST_NOT_FEED,greedy:random,1981006,6,94,1,random,greedy,TILES,25,-21,40,11,1,-59,L,1,1,1,1,1,1,1
264,MUST_PUNISH_WEAK,greedy:random,1981008,8,19,1,random,greedy,MEEPLES,63,0,4,9,1,-42,L,1,0,1,1,1,1,1
264,HIGH_VALUE_FARM_CLAIM_REFINED,greedy:random,1981008,8,19,1,random,greedy,MEEPLES,63,0,4,9,1,-42,L,1,0,1,1,1,1,1
265,MUST_PUNISH_WEAK,greedy:random,1981008,8,37,0,greedy,random,MEEPLES,54,-2,3,9,0,42,W,0,0,1,1,1,1,1
265,HIGH_VALUE_FARM_CLAIM_REFINED,greedy:random,1981008,8,37,0,greedy,random,MEEPLES,54,-2,3,9,0,42,W,0,0,1,1,1,1,1
260,MUST_PUNISH_WEAK,greedy:random,1981009,9,43,1,greedy,random,MEEPLES,51,4,5,9,0,58,W,1,0,1,1,1,1,1
260,HIGH_VALUE_FARM_CLAIM_REFINED,greedy:random,1981009,9,43,1,greedy,random,MEEPLES,51,4,5,9,0,58,W,1,0,1,1,1,1,1
262,MUST_NOT_FEED,greedy:random,1981010,10,106,1,random,greedy,TILES,19,-24,43,8,1,-64,L,1,1,1,1,1,1,1
267,MUST_NOT_FEED,greedy:random,1981008,8,90,1,random,greedy,TILES,27,-12,32,12,0,-42,L,0,0,0,0,0,0,0
268,MUST_PUNISH_WEAK,rod1:random,1980009,9,21,0,random,rod1,MEEPLES,62,-2,3,9,1,-56,L,1,0,1,1,1,1,1
268,HIGH_VALUE_FARM_CLAIM_REFINED,rod1:random,1980009,9,21,0,random,rod1,MEEPLES,62,-2,3,9,1,-56,L,1,0,1,1,1,1,1
266,MUST_NOT_FEED,greedy:random,1981008,8,50,1,random,greedy,TILES,47,-6,20,10,1,-42,L,1,1,1,1,1,1,1
263,MUST_NOT_FEED,greedy:random,1981010,10,134,1,random,greedy,TILES,5,-42,49,8,1,-64,L,1,1,1,1,1,1,1
269,MUST_PUNISH_WEAK,rod1:random,1980009,9,68,0,random,rod1,TILES,38,-12,43,10,0,-56,L,0,1,1,1,1,1,1
271,MUST_NOT_FEED,rod1:random,1980009,9,94,1,rod1,random,TILES,25,36,46,11,1,56,W,1,1,1,1,1,1,1
274,MUST_PUNISH_WEAK,greedy:random,1981013,13,23,1,greedy,random,MEEPLES,61,8,5,9,0,39,W,0,0,1,1,1,1,1
274,HIGH_VALUE_FARM_CLAIM_REFINED,greedy:random,1981013,13,23,1,greedy,random,MEEPLES,61,8,5,9,0,39,W,0,0,1,1,1,1,1
273,MUST_PUNISH_WEAK,greedy:random,1981012,12,88,0,greedy,random,TILES,28,6,39,14,1,68,W,0,1,1,1,1,1,1
270,HIGH_VALUE_FARM_CLAIM_REFINED,rod1:random,1980009,9,75,1,rod1,random,MEEPLES,35,20,3,9,1,56,W,1,1,1,1,1,1,1
272,MUST_NOT_FEED,rod1:random,1980009,9,98,1,rod1,random,TILES,23,36,47,11,1,56,W,1,1,1,1,1,1,1
275,MUST_PUNISH_WEAK,greedy:random,1981013,13,24,0,random,greedy,TILES,60,-8,24,8,1,-39,L,0,1,1,1,1,1,1
276,HIGH_VALUE_FARM_CLAIM_REFINED,greedy:random,1981013,13,27,1,greedy,random,MEEPLES,59,0,6,12,0,39,W,0,0,1,1,1,1,1
282,MUST_PUNISH_WEAK,greedy:random,1981011,11,25,0,random,greedy,MEEPLES,60,-8,4,9,0,-34,L,0,0,1,1,1,1,1
282,HIGH_VALUE_FARM_CLAIM_REFINED,greedy:random,1981011,11,25,0,random,greedy,MEEPLES,60,-8,4,9,0,-34,L,0,0,1,1,1,1,1
277,MUST_NOT_FEED,greedy:random,1981013,13,96,0,random,greedy,TILES,24,-4,58,13,1,-39,L,1,1,1,1,1,1,1
279,MUST_PUNISH_WEAK,random:random,1984001,1,88,0,random,random,TILES,28,-4,40,8,0,-19,L,0,1,1,1,1,1,1
278,MUST_NOT_FEED,greedy:random,1981013,13,100,0,random,greedy,TILES,22,-4,49,13,1,-39,L,1,1,1,1,1,1,1
280,MUST_PUNISH_WEAK,random:random,1984001,1,100,0,random,random,TILES,22,-4,48,8,0,-19,L,0,1,1,1,1,1,1
283,MUST_PUNISH_WEAK,random:random,1984002,2,19,1,random,random,MEEPLES,63,-1,6,9,0,-5,L,0,0,1,1,1,1,1
283,HIGH_VALUE_FARM_CLAIM_REFINED,random:random,1984002,2,19,1,random,random,MEEPLES,63,-1,6,9,0,-5,L,0,0,1,1,1,1,1
284,MUST_PUNISH_WEAK,random:random,1984002,2,21,0,random,random,MEEPLES,62,1,3,9,0,5,W,0,0,0,0,0,0,0
284,HIGH_VALUE_FARM_CLAIM_REFINED,random:random,1984002,2,21,0,random,random,MEEPLES,62,1,3,9,0,5,W,0,0,0,0,0,0,0
281,MUST_NOT_FEED,random:random,1984001,1,120,0,random,random,TILES,12,-4,30,8,1,-19,L,1,1,1,1,1,1,1
285,MUST_PUNISH_WEAK,random:random,1984003,3,36,0,random,random,MEEPLES,54,0,4,9,0,-7,L,0,0,1,1,1,1,1
285,HIGH_VALUE_FARM_CLAIM_REFINED,random:random,1984003,3,36,0,random,random,MEEPLES,54,0,4,9,0,-7,L,0,0,1,1,1,1,1
286,MUST_PUNISH_WEAK,random:random,1984003,3,41,1,random,random,TILES,51,0,26,8,0,7,W,0,0,0,0,0,0,0
290,MUST_PUNISH_WEAK,random:random,1984006,6,5,0,random,random,MEEPLES,70,4,4,9,1,12,W,0,0,1,1,1,1,1
290,HIGH_VALUE_FARM_CLAIM_REFINED,random:random,1984006,6,5,0,random,random,MEEPLES,70,4,4,9,1,12,W,0,0,1,1,1,1,1
288,MUST_NOT_FEED,random:random,1984004,4,94,1,random,random,TILES,25,0,45,8,1,5,W,0,1,1,1,1,1,1
287,MUST_NOT_FEED,random:random,1984004,4,68,0,random,random,TILES,38,0,38,8,1,-5,L,1,1,1,1,1,1,1
293,MUST_PUNISH_WEAK,random:random,1984008,8,3,1,random,random,MEEPLES,71,0,4,9,1,19,W,1,0,1,1,1,1,1
293,HIGH_VALUE_FARM_CLAIM_REFINED,random:random,1984008,8,3,1,random,random,MEEPLES,71,0,4,9,1,19,W,1,0,1,1,1,1,1
291,MUST_PUNISH_WEAK,random:random,1984005,5,9,0,random,random,MEEPLES,68,0,4,9,1,-1,L,0,0,1,1,1,1,1
291,HIGH_VALUE_FARM_CLAIM_REFINED,random:random,1984005,5,9,0,random,random,MEEPLES,68,0,4,9,1,-1,L,0,0,1,1,1,1,1
289,MUST_NOT_FEED,random:random,1984007,7,110,1,random,random,TILES,17,2,39,12,0,-17,L,0,1,1,1,1,1,1
295,MUST_PUNISH_WEAK,rod1:random,1980012,12,36,0,rod1,random,TILES,54,3,30,20,1,70,W,0,1,1,1,1,1,1
294,MUST_BLOCK_CITY,rod1:random,1980012,12,26,1,random,rod1,TILES,59,0,14,9,0,-70,L,0,1,1,1,1,1,1
294,MUST_NOT_FEED,rod1:random,1980012,12,26,1,random,rod1,TILES,59,0,14,9,0,-70,L,0,1,1,1,1,1,1
296,MUST_PUNISH_WEAK,rod1:random,1980012,12,46,1,random,rod1,TILES,49,-23,18,8,0,-70,L,0,1,1,1,1,1,1
292,MUST_NOT_FEED,random:random,1984005,5,132,0,random,random,TILES,6,10,50,8,1,-1,L,1,1,1,1,1,1,1
299,MUST_PUNISH_WEAK,rod1:random,1980013,13,6,1,rod1,random,TILES,69,0,6,8,1,59,W,0,1,1,1,1,1,1
297,MUST_NOT_FEED,rod1:random,1980010,10,110,1,random,rod1,TILES,17,-37,47,8,0,-66,L,0,0,0,0,0,0,0
298,MUST_NOT_FEED,rod1:random,1980010,10,114,1,random,rod1,TILES,15,-37,47,8,0,-66,L,0,0,0,0,0,0,0
301,MUST_PUNISH_WEAK,rod1:random,1980014,14,11,1,random,rod1,MEEPLES,67,-4,5,9,0,-63,L,0,0,1,1,1,1,1
301,HIGH_VALUE_FARM_CLAIM_REFINED,rod1:random,1980014,14,11,1,random,rod1,MEEPLES,67,-4,5,9,0,-63,L,0,0,1,1,1,1,1
302,MUST_PUNISH_WEAK,rod1:random,1980014,14,13,0,rod1,random,MEEPLES,66,4,4,15,1,63,W,1,0,1,1,1,1,1
302,HIGH_VALUE_FARM_CLAIM_REFINED,rod1:random,1980014,14,13,0,rod1,random,MEEPLES,66,4,4,15,1,63,W,1,0,1,1,1,1,1
300,MUST_NOT_FEED,rod1:random,1980013,13,104,0,random,rod1,TILES,20,-26,46,15,1,-59,L,1,1,1,1,1,1,1
304,MUST_NOT_FEED,rod1:random,1980014,14,82,1,random,rod1,TILES,31,-16,32,9,0,-63,L,0,0,0,0,0,0,0
305,MUST_PUNISH_WEAK,rod1:random,1980015,15,40,0,random,rod1,TILES,52,-9,22,8,0,-69,L,0,1,1,1,1,1,1
303,MUST_NOT_FEED,rod1:random,1980014,14,66,1,random,rod1,TILES,39,-16,34,8,1,-63,L,1,1,1,1,1,1,1
306,MUST_PUNISH_WEAK,rod1:random,1980015,15,54,1,rod1,random,TILES,45,9,20,8,1,69,W,0,1,1,1,1,1,1
308,MUST_NOT_FEED,rod1:random,1980017,17,24,0,random,rod1,TILES,60,-6,16,12,1,-76,L,1,1,1,1,1,1,1
309,MUST_NOT_FEED,rod1:random,1980017,17,36,0,random,rod1,TILES,54,-6,26,13,1,-76,L,1,1,1,1,1,1,1
310,MUST_NOT_FEED,rod1:random,1980016,16,74,1,random,rod1,TILES,35,-19,35,8,1,-56,L,0,1,1,1,1,1,1
307,MUST_NOT_FEED,rod1:random,1980015,15,72,0,random,rod1,TILES,36,-24,25,8,1,-69,L,1,1,1,1,1,1,0
311,MUST_PUNISH_WEAK,rod1:random,1980016,16,80,0,rod1,random,TILES,32,19,38,16,1,56,W,1,1,1,1,1,1,1
