utc,cell,n_workers,rss_workers_kb,rss_worker_max_kb,n_jvm,rss_jvm_kb,rss_jvm_max_kb,rss_total_kb,load1,mem_avail_kb
2026-08-17T23:39:57Z,jcz_CHAMP_deploy11008,1,3328,3328,1,19456,19456,22784,1.45,35997064
2026-08-17T23:40:02Z,jcz_CHAMP_deploy11008,2,26112,22784,9,1002752,126976,1028864,1.97,34959784
2026-08-17T23:40:07Z,jcz_CHAMP_deploy11008,2,26112,22784,9,1039360,129280,1065472,2.46,34950956
2026-08-17T23:40:12Z,jcz_CHAMP_deploy11008,2,26112,22784,9,1042176,129280,1068288,2.90,34926916
2026-08-17T23:40:17Z,jcz_CHAMP_deploy11008,2,26112,22784,9,1044736,129280,1070848,3.31,34916732
2026-08-17T23:40:22Z,jcz_CHAMP_deploy11008,2,26112,22784,9,1056512,133376,1082624,3.69,34887000
2026-08-17T23:40:27Z,jcz_CHAMP_deploy11008,2,26112,22784,9,1079640,137472,1105752,4.03,34842392
2026-08-17T23:40:32Z,jcz_CHAMP_deploy11008,2,26112,22784,9,1101404,137728,1127516,4.35,34810208
2026-08-17T23:40:37Z,jcz_CHAMP_deploy11008,2,26112,22784,9,1104436,139264,1130548,5.04,34818176
2026-08-17T23:40:42Z,jcz_CHAMP_deploy11008,2,26112,22784,9,1104484,139520,1130596,5.28,34825004
2026-08-17T23:40:47Z,jcz_CHAMP_deploy11008,2,26112,22784,9,1108836,140288,1134948,5.50,34819988
2026-08-17T23:40:52Z,jcz_CHAMP_deploy11008,2,26112,22784,9,1108836,140288,1134948,5.70,34805632
2026-08-17T23:40:58Z,jcz_CHAMP_deploy11008,2,26112,22784,9,1108836,140288,1134948,5.88,34794040
2026-08-17T23:41:03Z,jcz_CHAMP_deploy11008,2,26112,22784,9,1108836,140288,1134948,6.05,34791396
2026-08-17T23:41:08Z,jcz_CHAMP_deploy11008,2,26112,22784,9,1109092,140288,1135204,6.21,34785416
2026-08-17T23:41:13Z,jcz_CHAMP_deploy11008,2,26112,22784,9,1109092,140288,1135204,6.35,34783392
2026-08-17T23:41:18Z,jcz_CHAMP_deploy11008,2,26112,22784,8,976504,140288,1002616,6.57,34894700
2026-08-17T23:41:23Z,jcz_CHAMP_deploy11008,2,26112,22784,8,976504,140288,1002616,6.60,34883916
2026-08-17T23:41:28Z,jcz_CHAMP_deploy11008,2,26112,22784,7,838776,140288,864888,6.63,35000804
2026-08-17T23:41:33Z,jcz_CHAMP_deploy11008,2,26624,23296,4,433476,139776,460100,6.34,35360288
2026-08-17T23:41:38Z,jcz_CHAMP_deploy11008,2,26624,23296,4,433476,139776,460100,6.07,35359544
2026-08-17T23:41:43Z,jcz_CHAMP_deploy11008,2,26624,23296,4,433476,139776,460100,5.83,35358080
2026-08-17T23:41:48Z,jcz_CHAMP_deploy11008,2,26624,23296,3,295236,139776,321860,5.60,35466304
2026-08-17T23:41:53Z,jcz_CHAMP_deploy11008,1,23296,23296,3,295236,139776,318532,5.71,35504932
2026-08-17T23:41:58Z,jcz_CHAMP_deploy11008,1,23552,23552,2,163328,139776,186880,5.34,35628572
2026-08-17T23:42:03Z,jcz_CHAMP_deploy11008,1,23552,23552,2,163328,139776,186880,4.99,35622656
2026-08-17T23:42:08Z,jcz_CHAMP_deploy11008,1,23552,23552,2,163328,139776,186880,4.67,35616004
2026-08-17T23:42:10Z,jcz_ARB_B16J4_deploy11008,0,0,0,1,13312,13312,13312,4.67,36014680
2026-08-17T23:42:15Z,jcz_ARB_B16J4_deploy11008,1,22528,22528,9,661248,111616,683776,4.94,35315640
2026-08-17T23:42:20Z,jcz_ARB_B16J4_deploy11008,1,22528,22528,9,781312,113408,803840,5.18,35190920
2026-08-17T23:42:25Z,jcz_ARB_B16J4_deploy11008,1,22528,22528,9,888320,125952,910848,5.41,35070092
2026-08-17T23:42:30Z,jcz_ARB_B16J4_deploy11008,1,22528,22528,9,930816,126720,953344,5.62,35064256
2026-08-17T23:42:35Z,jcz_ARB_B16J4_deploy11008,1,22528,22528,9,952576,126976,975104,5.81,35044492
2026-08-17T23:42:41Z,jcz_ARB_B16J4_deploy11008,1,22528,22528,9,983040,126976,1005568,5.98,35010328
2026-08-17T23:42:46Z,jcz_ARB_B16J4_deploy11008,1,22528,22528,9,1011456,126976,1033984,6.14,34976300
2026-08-17T23:42:51Z,jcz_ARB_B16J4_deploy11008,1,22528,22528,9,1012736,127488,1035264,6.29,34933028
2026-08-17T23:42:56Z,jcz_ARB_B16J4_deploy11008,1,22528,22528,9,1019648,127488,1042176,6.43,34893372
2026-08-17T23:43:01Z,jcz_ARB_B16J4_deploy11008,1,22528,22528,9,1028328,127488,1050856,6.56,34881472
2026-08-17T23:43:06Z,jcz_ARB_B16J4_deploy11008,1,22528,22528,9,1037032,127488,1059560,6.67,34889484
2026-08-17T23:43:11Z,jcz_ARB_B16J4_deploy11008,1,22528,22528,9,1037316,127772,1059844,6.78,34925696
2026-08-17T23:43:16Z,jcz_ARB_B16J4_deploy11008,1,22528,22528,9,1038852,127772,1061380,6.88,34930408
2026-08-17T23:43:21Z,jcz_ARB_B16J4_deploy11008,1,22528,22528,9,1039876,127772,1062404,6.97,34924880
2026-08-17T23:43:26Z,jcz_ARB_B16J4_deploy11008,1,22528,22528,9,1042844,129972,1065372,7.05,34918600
2026-08-17T23:43:31Z,jcz_ARB_B16J4_deploy11008,1,22528,22528,9,1046560,132408,1069088,7.13,34912600
2026-08-17T23:43:36Z,jcz_ARB_B16J4_deploy11008,1,22528,22528,9,1053728,133888,1076256,7.44,34904524
2026-08-17T23:43:41Z,jcz_ARB_B16J4_deploy11008,1,22528,22528,9,1058848,133888,1081376,7.48,34901928
2026-08-17T23:43:46Z,jcz_ARB_B16J4_deploy11008,1,22528,22528,9,1059872,133888,1082400,7.52,34897060
2026-08-17T23:43:51Z,jcz_ARB_B16J4_deploy11008,1,22528,22528,9,1061708,133888,1084236,7.56,34891532
2026-08-17T23:43:56Z,jcz_ARB_B16J4_deploy11008,1,22528,22528,9,1071692,137984,1094220,7.60,34880580
2026-08-17T23:44:01Z,jcz_ARB_B16J4_deploy11008,1,22528,22528,9,1078348,137984,1100876,7.63,34873936
2026-08-17T23:44:06Z,jcz_ARB_B16J4_deploy11008,1,22528,22528,9,1078348,137984,1100876,7.66,34865204
2026-08-17T23:44:11Z,jcz_ARB_B16J4_deploy11008,1,22528,22528,9,1086376,137984,1108904,7.69,34854584
2026-08-17T23:44:17Z,jcz_ARB_B16J4_deploy11008,1,22528,22528,9,1094660,138984,1117188,7.71,34842596
2026-08-17T23:44:22Z,jcz_ARB_B16J4_deploy11008,1,22528,22528,9,1098152,138984,1120680,7.90,34837080
2026-08-17T23:44:27Z,jcz_ARB_B16J4_deploy11008,1,22528,22528,9,1097852,138984,1120380,7.91,34833900
2026-08-17T23:44:32Z,jcz_ARB_B16J4_deploy11008,1,22528,22528,9,1100476,138984,1123004,7.92,34855236
2026-08-17T23:44:37Z,jcz_ARB_B16J4_deploy11008,1,22528,22528,9,1100476,138984,1123004,7.93,34851308
2026-08-17T23:44:42Z,jcz_ARB_B16J4_deploy11008,1,22528,22528,9,1100732,139240,1123260,8.09,34843796
2026-08-17T23:44:47Z,jcz_ARB_B16J4_deploy11008,1,22528,22528,9,1100988,139240,1123516,8.09,34839796
2026-08-17T23:44:52Z,jcz_ARB_B16J4_deploy11008,1,22528,22528,9,1101244,139240,1123772,8.08,34838384
2026-08-17T23:44:57Z,jcz_ARB_B16J4_deploy11008,1,22528,22528,8,962004,138240,984532,7.99,34958124
2026-08-17T23:45:02Z,jcz_ARB_B16J4_deploy11008,1,22528,22528,7,829084,138240,851612,7.91,35072752
2026-08-17T23:45:07Z,jcz_ARB_B16J4_deploy11008,1,22528,22528,7,829084,138240,851612,7.76,35071024
2026-08-17T23:45:12Z,jcz_ARB_B16J4_deploy11008,1,22528,22528,7,829084,138240,851612,7.62,35058508
2026-08-17T23:45:17Z,jcz_ARB_B16J4_deploy11008,1,22528,22528,7,833180,138240,855708,7.49,35050556
2026-08-17T23:45:22Z,jcz_ARB_B16J4_deploy11008,1,22528,22528,7,833180,138240,855708,7.37,35039128
2026-08-17T23:45:27Z,jcz_ARB_B16J4_deploy11008,1,22528,22528,7,833436,138240,855964,7.26,35035512
2026-08-17T23:45:32Z,jcz_ARB_B16J4_deploy11008,1,22784,22784,6,695708,137728,718492,7.16,35157016
2026-08-17T23:45:37Z,jcz_ARB_B16J4_deploy11008,1,22784,22784,6,695708,137728,718492,6.98,35145044
2026-08-17T23:45:42Z,jcz_ARB_B16J4_deploy11008,1,22784,22784,5,557980,137728,580764,6.83,35265036
2026-08-17T23:45:47Z,jcz_ARB_B16J4_deploy11008,1,22784,22784,5,557980,137728,580764,6.60,35262888
2026-08-17T23:45:52Z,jcz_ARB_B16J4_deploy11008,1,22784,22784,5,557980,137728,580764,6.39,35261020
2026-08-17T23:45:58Z,jcz_ARB_B16J4_deploy11008,1,23040,23040,4,425464,137728,448504,6.20,35375248
2026-08-17T23:46:03Z,jcz_ARB_B16J4_deploy11008,1,23040,23040,3,287736,132668,310776,5.86,35495604
2026-08-17T23:46:08Z,jcz_ARB_B16J4_deploy11008,1,23296,23296,2,155964,132668,179260,5.47,35600840
2026-08-17T23:46:13Z,jcz_ARB_B16J4_deploy11008,1,23296,23296,2,155964,132668,179260,5.11,35596372
2026-08-17T23:46:18Z,jcz_ARB_B16J4_deploy11008,1,23296,23296,1,0,0,23296,4.78,36013128
2026-08-17T23:59:50Z,jcz_CHAMP_deploy11008,0,0,0,1,12800,12800,12800,0.46,36332616
2026-08-17T23:59:55Z,jcz_CHAMP_deploy11008,1,22528,22528,31,2912512,119040,2935040,5.63,33172564
2026-08-18T00:00:00Z,jcz_CHAMP_deploy11008,1,22528,22528,31,3702528,127488,3725056,7.74,32322860
2026-08-18T00:00:05Z,jcz_CHAMP_deploy11008,1,22528,22528,31,3831200,128768,3853728,9.53,32172644
2026-08-18T00:00:10Z,jcz_CHAMP_deploy11008,1,22528,22528,31,3840456,128768,3862984,11.41,32144072
2026-08-18T00:00:15Z,jcz_CHAMP_deploy11008,1,22528,22528,31,3844976,129024,3867504,12.90,32122524
2026-08-18T00:00:20Z,jcz_CHAMP_deploy11008,1,22528,22528,31,3855472,130304,3878000,14.75,32098180
2026-08-18T00:00:25Z,jcz_CHAMP_deploy11008,1,22528,22528,31,3868740,131328,3891268,16.13,32074336
2026-08-18T00:00:30Z,jcz_CHAMP_deploy11008,1,22528,22528,31,3879108,130888,3901636,17.24,32051284
2026-08-18T00:00:36Z,jcz_CHAMP_deploy11008,1,22528,22528,31,3893420,135520,3915948,18.50,32029440
2026-08-18T00:00:41Z,jcz_CHAMP_deploy11008,1,22528,22528,31,3950904,140020,3973432,19.66,31954644
2026-08-18T00:00:46Z,jcz_CHAMP_deploy11008,1,22528,22528,31,4011584,140276,4034112,20.49,31885116
2026-08-18T00:00:51Z,jcz_CHAMP_deploy11008,1,22528,22528,31,4062252,140276,4084780,21.25,31807568
2026-08-18T00:00:56Z,jcz_CHAMP_deploy11008,1,22528,22528,31,4114956,140532,4137484,21.95,31749628
2026-08-18T00:01:01Z,jcz_CHAMP_deploy11008,1,22528,22528,31,4122868,140532,4145396,22.60,31731984
2026-08-18T00:01:06Z,jcz_CHAMP_deploy11008,1,22528,22528,31,4139592,140532,4162120,23.19,31705700
2026-08-18T00:01:11Z,jcz_CHAMP_deploy11008,1,22528,22528,31,4144900,141308,4167428,23.82,31689212
2026-08-18T00:01:16Z,jcz_CHAMP_deploy11008,1,22528,22528,31,4144900,141308,4167428,24.31,31683868
2026-08-18T00:01:22Z,jcz_CHAMP_deploy11008,1,22528,22528,31,4144904,140916,4167432,24.77,31677308
2026-08-18T00:01:27Z,jcz_CHAMP_deploy11008,1,22528,22528,31,4144388,140916,4166916,25.19,31670984
2026-08-18T00:01:32Z,jcz_CHAMP_deploy11008,1,22528,22528,31,4144388,140916,4166916,25.57,31664084
2026-08-18T00:01:37Z,jcz_CHAMP_deploy11008,1,22528,22528,31,4144900,140916,4167428,25.93,31634640
2026-08-18T00:01:42Z,jcz_CHAMP_deploy11008,1,22528,22528,30,4013264,140916,4035792,26.49,31755244
2026-08-18T00:01:47Z,jcz_CHAMP_deploy11008,1,22528,22528,29,3873020,140916,3895548,26.69,31872096
2026-08-18T00:01:52Z,jcz_CHAMP_deploy11008,1,22528,22528,29,3873020,140916,3895548,26.80,31858012
2026-08-18T00:01:57Z,jcz_CHAMP_deploy11008,1,22528,22528,27,3595724,140916,3618252,26.90,32094508
2026-08-18T00:02:02Z,jcz_CHAMP_deploy11008,1,22528,22528,26,3457740,140916,3480268,26.82,32211520
2026-08-18T00:02:07Z,jcz_CHAMP_deploy11008,1,22784,22784,22,2907192,140916,2929976,26.68,32696072
2026-08-18T00:02:12Z,jcz_CHAMP_deploy11008,1,23040,23040,19,2503968,140916,2527008,25.64,33044260
2026-08-18T00:02:18Z,jcz_CHAMP_deploy11008,1,23040,23040,18,2364952,140916,2387992,25.03,33158004
2026-08-18T00:02:23Z,jcz_CHAMP_deploy11008,1,23040,23040,17,2224568,140916,2247608,24.30,33273700
2026-08-18T00:02:28Z,jcz_CHAMP_deploy11008,1,23296,23296,15,1944076,140392,1967372,23.48,33518144
2026-08-18T00:02:33Z,jcz_CHAMP_deploy11008,1,23552,23552,12,1534324,140392,1557876,22.48,33886588
2026-08-18T00:02:38Z,jcz_CHAMP_deploy11008,1,23808,23808,9,1124060,140392,1147868,21.32,34246068
2026-08-18T00:02:43Z,jcz_CHAMP_deploy11008,1,24320,24320,6,715936,140392,740256,20.01,34606044
2026-08-18T00:02:48Z,jcz_CHAMP_deploy11008,1,24320,24320,5,583308,140392,607628,18.73,34725632
2026-08-18T00:02:53Z,jcz_CHAMP_deploy11008,1,24576,24576,3,303716,140392,328292,17.39,34956508
2026-08-18T00:02:58Z,jcz_CHAMP_deploy11008,1,24576,24576,3,303716,140392,328292,16.16,34955788
2026-08-18T00:03:03Z,jcz_CHAMP_deploy11008,1,24576,24576,2,163324,138748,187900,15.02,35070788
2026-08-18T00:03:05Z,jcz_ARB_B16J4_deploy11008,0,0,0,1,11520,11520,11520,15.02,36249388
2026-08-18T00:03:10Z,jcz_ARB_B16J4_deploy11008,1,22784,22784,31,2329600,115712,2352384,16.62,33702260
2026-08-18T00:03:15Z,jcz_ARB_B16J4_deploy11008,1,22784,22784,31,2472448,120576,2495232,17.69,33527712
2026-08-18T00:03:20Z,jcz_ARB_B16J4_deploy11008,1,22784,22784,31,2717152,127232,2739936,18.68,33285972
2026-08-18T00:03:26Z,jcz_ARB_B16J4_deploy11008,1,22784,22784,31,3015632,127232,3038416,19.67,32977404
2026-08-18T00:03:31Z,jcz_ARB_B16J4_deploy11008,1,22784,22784,31,3233028,127744,3255812,20.57,32756160
2026-08-18T00:03:36Z,jcz_ARB_B16J4_deploy11008,1,22784,22784,31,3473120,129848,3495904,21.33,32503900
2026-08-18T00:03:41Z,jcz_ARB_B16J4_deploy11008,1,22784,22784,31,3593512,129560,3616296,22.02,32370804
2026-08-18T00:03:46Z,jcz_ARB_B16J4_deploy11008,1,22784,22784,31,3667496,129792,3690280,22.66,32293044
2026-08-18T00:03:51Z,jcz_ARB_B16J4_deploy11008,1,22784,22784,31,3704348,129816,3727132,23.25,32250672
2026-08-18T00:03:56Z,jcz_ARB_B16J4_deploy11008,1,22784,22784,31,3780140,129816,3802924,23.95,32169460
2026-08-18T00:04:01Z,jcz_ARB_B16J4_deploy11008,1,22784,22784,31,3805720,129816,3828504,24.44,32138504
2026-08-18T00:04:06Z,jcz_ARB_B16J4_deploy11008,1,22784,22784,31,3823612,129816,3846396,24.88,32115772
2026-08-18T00:04:12Z,jcz_ARB_B16J4_deploy11008,1,22784,22784,31,3855632,129816,3878416,25.29,32072900
2026-08-18T00:04:17Z,jcz_ARB_B16J4_deploy11008,1,22784,22784,31,3857936,129816,3880720,25.75,32062788
2026-08-18T00:04:22Z,jcz_ARB_B16J4_deploy11008,1,22784,22784,31,3861000,129816,3883784,26.09,32060704
2026-08-18T00:04:27Z,jcz_ARB_B16J4_deploy11008,1,22784,22784,31,3861444,129816,3884228,26.40,32052556
2026-08-18T00:04:32Z,jcz_ARB_B16J4_deploy11008,1,22784,22784,31,3864736,130176,3887520,26.69,32044920
2026-08-18T00:04:37Z,jcz_ARB_B16J4_deploy11008,1,22784,22784,31,3865044,129844,3887828,27.44,32027324
2026-08-18T00:04:42Z,jcz_ARB_B16J4_deploy11008,1,22784,22784,31,3866324,130560,3889108,27.64,32020956
2026-08-18T00:04:47Z,jcz_ARB_B16J4_deploy11008,1,22784,22784,31,3867100,130560,3889884,27.83,31985612
2026-08-18T00:04:52Z,jcz_ARB_B16J4_deploy11008,1,22784,22784,31,3873472,132484,3896256,28.01,31974356
2026-08-18T00:04:58Z,jcz_ARB_B16J4_deploy11008,1,22784,22784,31,3878128,132740,3900912,28.25,31964124
2026-08-18T00:05:03Z,jcz_ARB_B16J4_deploy11008,1,22784,22784,31,3888112,136192,3910896,28.59,31946828
2026-08-18T00:05:08Z,jcz_ARB_B16J4_deploy11008,1,22784,22784,31,3891880,136192,3914664,28.70,31938544
2026-08-18T00:05:13Z,jcz_ARB_B16J4_deploy11008,1,22784,22784,31,3902772,136192,3925556,28.81,31924960
2026-08-18T00:05:18Z,jcz_ARB_B16J4_deploy11008,1,22784,22784,31,3901892,136192,3924676,29.06,31925868
2026-08-18T00:05:23Z,jcz_ARB_B16J4_deploy11008,1,22784,22784,31,3922392,136192,3945176,29.14,31901616
2026-08-18T00:05:28Z,jcz_ARB_B16J4_deploy11008,1,22784,22784,31,3928688,140288,3951472,29.45,31887060
2026-08-18T00:05:33Z,jcz_ARB_B16J4_deploy11008,1,22784,22784,31,3932280,140288,3955064,29.49,31883592
2026-08-18T00:05:38Z,jcz_ARB_B16J4_deploy11008,1,22784,22784,31,3938424,140288,3961208,29.53,31869388
2026-08-18T00:05:43Z,jcz_ARB_B16J4_deploy11008,1,22784,22784,31,3945336,140288,3968120,29.73,31855264
2026-08-18T00:05:49Z,jcz_ARB_B16J4_deploy11008,1,22784,22784,31,3961728,140288,3984512,29.75,31839132
2026-08-18T00:05:54Z,jcz_ARB_B16J4_deploy11008,1,22784,22784,31,3973504,140288,3996288,29.85,31817452
2026-08-18T00:05:59Z,jcz_ARB_B16J4_deploy11008,1,22784,22784,31,4000788,140288,4023572,29.87,31788484
2026-08-18T00:06:04Z,jcz_ARB_B16J4_deploy11008,1,22784,22784,31,3992232,140288,4015016,29.88,31794100
2026-08-18T00:06:09Z,jcz_ARB_B16J4_deploy11008,1,22784,22784,31,4019356,140288,4042140,29.89,31764688
2026-08-18T00:06:14Z,jcz_ARB_B16J4_deploy11008,1,22784,22784,31,4048660,140288,4071444,29.90,31720928
2026-08-18T00:06:19Z,jcz_ARB_B16J4_deploy11008,1,22784,22784,31,4055856,140288,4078640,29.90,31706760
2026-08-18T00:06:24Z,jcz_ARB_B16J4_deploy11008,1,22784,22784,31,4062204,140288,4084988,29.91,31704100
2026-08-18T00:06:29Z,jcz_ARB_B16J4_deploy11008,1,22784,22784,31,4075516,141408,4098300,29.92,31689076
2026-08-18T00:06:35Z,jcz_ARB_B16J4_deploy11008,1,22784,22784,31,4080236,141408,4103020,29.93,31675336
2026-08-18T00:06:40Z,jcz_ARB_B16J4_deploy11008,1,22784,22784,31,4075616,141408,4098400,29.93,31679852
2026-08-18T00:06:45Z,jcz_ARB_B16J4_deploy11008,1,22784,22784,31,4085856,141408,4108640,30.02,31663232
2026-08-18T00:06:50Z,jcz_ARB_B16J4_deploy11008,1,22784,22784,31,4094304,141408,4117088,30.02,31652052
2026-08-18T00:06:55Z,jcz_ARB_B16J4_deploy11008,1,22784,22784,30,3965524,141408,3988308,30.10,31754628
2026-08-18T00:07:00Z,jcz_ARB_B16J4_deploy11008,1,22784,22784,30,3968092,141408,3990876,30.01,31745432
2026-08-18T00:07:05Z,jcz_ARB_B16J4_deploy11008,1,22784,22784,30,3973980,141408,3996764,30.01,31728656
2026-08-18T00:07:10Z,jcz_ARB_B16J4_deploy11008,1,22784,22784,30,3980380,141408,4003164,30.01,31718160
2026-08-18T00:07:15Z,jcz_ARB_B16J4_deploy11008,1,22784,22784,29,3852184,141408,3874968,30.09,31820208
2026-08-18T00:07:20Z,jcz_ARB_B16J4_deploy11008,1,22784,22784,29,3852952,141408,3875736,29.92,31807564
2026-08-18T00:07:26Z,jcz_ARB_B16J4_deploy11008,1,22784,22784,29,3853208,141408,3875992,30.01,31794900
2026-08-18T00:07:31Z,jcz_ARB_B16J4_deploy11008,1,22784,22784,28,3721368,141408,3744152,29.84,31905620
2026-08-18T00:07:36Z,jcz_ARB_B16J4_deploy11008,1,22784,22784,28,3721756,141408,3744540,29.78,31881868
2026-08-18T00:07:41Z,jcz_ARB_B16J4_deploy11008,1,22784,22784,27,3594448,141408,3617232,29.55,31992568
2026-08-18T00:07:46Z,jcz_ARB_B16J4_deploy11008,1,22784,22784,25,3315556,141408,3338340,29.59,31797468
2026-08-18T00:07:51Z,jcz_ARB_B16J4_deploy11008,1,23040,23040,24,3176368,141408,3199408,29.38,32317284
2026-08-18T00:07:56Z,jcz_ARB_B16J4_deploy11008,1,23040,23040,24,3176368,141408,3199408,28.87,32303300
2026-08-18T00:08:01Z,jcz_ARB_B16J4_deploy11008,1,23296,23296,23,3036984,141408,3060280,28.40,32421676
2026-08-18T00:08:06Z,jcz_ARB_B16J4_deploy11008,1,23296,23296,23,3036984,141408,3060280,27.89,32434068
2026-08-18T00:08:11Z,jcz_ARB_B16J4_deploy11008,1,23296,23296,21,2776276,141408,2799572,27.42,32659604
2026-08-18T00:08:16Z,jcz_ARB_B16J4_deploy11008,1,23296,23296,20,2647968,141408,2671264,26.82,32763680
2026-08-18T00:08:21Z,jcz_ARB_B16J4_deploy11008,1,23296,23296,19,2509684,141408,2532980,26.28,32876688
2026-08-18T00:08:26Z,jcz_ARB_B16J4_deploy11008,1,23552,23552,18,2370972,141408,2394524,25.61,32990880
2026-08-18T00:08:32Z,jcz_ARB_B16J4_deploy11008,1,23808,23808,17,2236828,141408,2260636,25.00,33098480
2026-08-18T00:08:37Z,jcz_ARB_B16J4_deploy11008,1,23808,23808,17,2236828,141408,2260636,24.44,33107972
2026-08-18T00:08:42Z,jcz_ARB_B16J4_deploy11008,1,24064,24064,14,1828812,141408,1852876,23.77,33467348
2026-08-18T00:08:47Z,jcz_ARB_B16J4_deploy11008,1,24064,24064,13,1690572,141408,1714636,22.90,33578980
2026-08-18T00:08:52Z,jcz_ARB_B16J4_deploy11008,1,24320,24320,11,1407096,140652,1431416,21.95,33819456
2026-08-18T00:08:57Z,jcz_ARB_B16J4_deploy11008,1,24320,24320,10,1267752,140652,1292072,20.99,33936956
2026-08-18T00:09:02Z,jcz_ARB_B16J4_deploy11008,1,24576,24576,8,987304,140544,1011880,20.03,34199680
2026-08-18T00:09:07Z,jcz_ARB_B16J4_deploy11008,1,24576,24576,7,854680,140544,879256,18.99,34305384
2026-08-18T00:09:12Z,jcz_ARB_B16J4_deploy11008,1,24832,24832,4,437392,139972,462224,18.19,34663380
2026-08-18T00:09:17Z,jcz_ARB_B16J4_deploy11008,1,25088,25088,3,297872,139972,322960,17.05,34790308
2026-08-18T00:09:22Z,jcz_ARB_B16J4_deploy11008,1,25088,25088,3,297872,139972,322960,16.01,34794900
2026-08-18T00:09:27Z,jcz_ARB_B16J4_deploy11008,1,25088,25088,3,297872,139972,322960,14.88,34806456
2026-08-18T00:09:32Z,jcz_ARB_B16J4_deploy11008,1,25088,25088,3,297872,139972,322960,13.85,34803656
2026-08-18T00:09:37Z,jcz_ARB_B16J4_deploy11008,1,25088,25088,3,297872,139972,322960,12.90,34776088
2026-08-18T00:09:42Z,jcz_ARB_B16J4_deploy11008,1,25088,25088,3,297872,139972,322960,12.59,34789084
2026-08-18T00:09:47Z,jcz_ARB_B16J4_deploy11008,1,25344,25344,2,158156,132812,183500,11.74,34913264
2026-08-18T00:09:52Z,jcz_ARB_B16J4_deploy11008,1,25344,25344,2,158156,132812,183500,10.96,34912132
2026-08-18T00:09:58Z,jcz_ARB_B16J4_deploy11008,1,25344,25344,2,158156,132812,183500,10.24,34909588
2026-08-18T00:10:03Z,jcz_ARB_B16J4_deploy11008,1,25344,25344,2,158156,132812,183500,9.58,34900664
2026-08-18T00:10:08Z,jcz_ARB_B16J4_deploy11008,1,25344,25344,2,158156,132812,183500,8.98,34900148
2026-08-18T00:10:13Z,jcz_ARB_B16J4_deploy11008,1,25344,25344,2,158156,132812,183500,8.98,34901984
2026-08-18T00:10:18Z,jcz_ARB_B16J4_deploy11008,1,25344,25344,2,158156,132812,183500,8.42,34901484
