pid,band,source,k,n_legal,gap_q,category,iter8_miss,v27_miss,v27_miss_iter8_ok,v27_ok_iter8_miss,teacher,iter8,v27,teacher_q,iter8_q,v27_q
heur3200_s3502000042_K10,pre_endgame,heur@3200,10,54,0.1866,structural/unclear,True,False,False,True,1670,1142,1670,0.81283,0.62626,0.81283
greedy_s3500000027_K40,early_mid,greedy,40,16,0.2272,structural/closure,False,True,True,False,1369,1369,957,-0.11699,-0.11699,-0.41996
greedy_s3500000028_K16,late_mid,greedy,16,54,0.0937,completion/score-greed,True,False,False,True,1167,1556,1167,-0.23879,-0.33251,-0.23879
greedy_s3500000018_K52,opening,greedy,52,52,0.0735,structural/unclear,True,False,False,True,1444,1548,1444,0.13491,-0.15592,0.13491
greedy_s3500000021_K10,pre_endgame,greedy,10,58,0.0706,structural/unclear,True,False,False,True,1256,1444,1256,0.15459,0.084,0.15459
heur3200_s3502000046_K16,late_mid,heur@3200,16,40,0.0703,structural/unclear,True,False,False,True,1641,932,1641,-0.08019,-0.15361,-0.08019
heur3200_s3502000033_K52,opening,heur@3200,52,32,0.0615,structural/closure,True,False,False,True,1037,940,1037,-0.04284,-0.10437,-0.04284
heur3200_s3502000039_K16,late_mid,heur@3200,16,33,0.0579,structural/unclear,True,False,False,True,1328,660,1328,0.28279,0.22184,0.28279
greedy_s3500000041_K40,early_mid,greedy,40,40,0.055,structural/unclear,True,False,False,True,1045,1067,1045,-0.16316,-0.22918,-0.16316
hybrid_8_3200_s3503000047_K28,mid,hybrid:8:3200,28,27,0.0515,structural/closure,True,False,False,True,1141,967,1141,0.14175,0.03807,0.14175
greedy_s3500000014_K40,early_mid,greedy,40,16,0.0463,structural/closure,True,False,False,True,1069,1449,1069,0.20723,0.15759,0.20723
iter8_s3501000047_K40,early_mid,iter8,40,30,0.0462,completion/score-greed,True,False,False,True,1227,1130,1227,-0.15452,-0.2202,-0.15452
greedy_s3500000002_K52,opening,greedy,52,23,0.0413,structural/unclear,True,False,False,True,1156,1248,1156,-0.1652,-0.20648,-0.1652
greedy_s3500000041_K28,mid,greedy,28,39,0.041,structural/closure,True,False,False,True,855,1131,855,-0.75165,-0.7944,-0.75165
heur3200_s3502000003_K10,pre_endgame,heur@3200,10,40,0.0355,structural/unclear,True,False,False,True,1046,1844,1046,-0.66978,-0.70523,-0.66978
heur3200_s3502000047_K10,pre_endgame,heur@3200,10,43,0.0348,structural/unclear,True,False,False,True,1474,449,1474,0.97584,0.92383,0.97584
iter8_s3501000000_K40,early_mid,iter8,40,26,0.0344,structural/unclear,True,False,False,True,1137,1032,1137,0.28723,0.21348,0.28723
hybrid_8_3200_s3503000042_K52,opening,hybrid:8:3200,52,28,0.0334,structural/unclear,True,False,False,True,1453,1045,1453,0.47982,0.44646,0.47982
heur3200_s3502000012_K40,early_mid,heur@3200,40,14,0.0322,structural/unclear,True,False,False,True,1044,1649,1044,-0.55451,-0.59225,-0.55451
iter8_s3501000003_K52,opening,iter8,52,12,0.0307,structural/closure,True,False,False,True,1333,1559,1333,0.46779,0.4317,0.46779
iter8_s3501000003_K10,pre_endgame,iter8,10,28,0.0296,structural/unclear,True,False,False,True,1855,1546,1855,0.76196,0.73238,0.76196
greedy_s3500000010_K52,opening,greedy,52,14,0.0291,structural/unclear,True,False,False,True,1260,1357,1260,0.32705,0.29799,0.32705
hybrid_8_3200_s3503000025_K10,pre_endgame,hybrid:8:3200,10,38,0.0289,structural/unclear,True,False,False,True,1763,1848,1763,0.89894,0.87006,0.89894
hybrid_8_3200_s3503000001_K40,early_mid,hybrid:8:3200,40,20,0.0284,structural/unclear,True,False,False,True,948,1754,948,-0.49658,-0.57345,-0.49658
greedy_s3500000038_K52,opening,greedy,52,26,0.0265,structural/closure,True,False,False,True,1460,1041,1460,-0.42038,-0.44684,-0.42038
heur3200_s3502000033_K40,early_mid,heur@3200,40,22,0.0263,structural/closure,True,False,False,True,1438,737,1438,-0.38691,-0.41323,-0.38691
heur3200_s3502000015_K40,early_mid,heur@3200,40,28,0.0238,completion/score-greed,True,False,False,True,1541,1168,1541,-0.33223,-0.36351,-0.33223
heur3200_s3502000038_K10,pre_endgame,heur@3200,10,31,0.0236,bag/scarcity,True,False,False,True,1042,1748,1042,0.5422,0.51857,0.5422
greedy_s3500000011_K10,pre_endgame,greedy,10,44,0.0232,structural/unclear,True,False,False,True,1161,1031,1161,-0.72228,-0.7467,-0.72228
heur3200_s3502000036_K10,pre_endgame,heur@3200,10,35,0.0222,completion/score-greed,True,False,False,True,1242,844,1242,-0.70995,-0.73214,-0.70995
greedy_s3500000043_K40,early_mid,greedy,40,50,0.0206,completion/score-greed,True,False,False,True,1236,952,1236,0.37857,0.34029,0.37857
iter8_s3501000034_K28,mid,iter8,28,33,0.0186,structural/unclear,True,False,False,True,1553,1535,1553,-0.91379,-0.93334,-0.91379
heur3200_s3502000016_K10,pre_endgame,heur@3200,10,26,0.0177,completion/score-greed,True,False,False,True,969,1223,969,0.23385,0.21505,0.23385
heur3200_s3502000005_K10,pre_endgame,heur@3200,10,32,0.016,bag/scarcity,True,False,False,True,1649,1361,1649,0.92055,0.90451,0.92055
hybrid_8_3200_s3503000029_K16,late_mid,hybrid:8:3200,16,46,0.0159,structural/closure,True,False,False,True,1527,1327,1527,0.87222,0.85541,0.87222
heur3200_s3502000040_K10,pre_endgame,heur@3200,10,19,0.0154,structural/closure,True,False,False,True,1739,954,1739,0.7393,0.72393,0.7393
heur3200_s3502000006_K52,opening,heur@3200,52,17,0.0135,structural/closure,True,False,False,True,1341,1651,1341,0.09166,0.04125,0.09166
iter8_s3501000007_K28,mid,iter8,28,43,0.0134,completion/score-greed,True,False,False,True,931,1752,931,0.90326,0.87934,0.90326
hybrid_8_3200_s3503000001_K28,mid,hybrid:8:3200,28,28,0.0132,structural/closure,True,False,False,True,848,1060,848,0.61087,0.59765,0.61087
hybrid_8_3200_s3503000012_K52,opening,hybrid:8:3200,52,25,0.0123,structural/unclear,True,False,False,True,1551,950,1551,0.03813,0.00431,0.03813
greedy_s3500000005_K52,opening,greedy,52,29,0.0122,structural/unclear,True,False,False,True,1536,1546,1536,0.40066,0.38846,0.40066
hybrid_8_3200_s3503000037_K40,early_mid,hybrid:8:3200,40,26,0.0122,completion/score-greed,True,False,False,True,1259,1358,1259,-0.12132,-0.1925,-0.12132
heur3200_s3502000035_K52,opening,heur@3200,52,34,0.0121,structural/unclear,True,False,False,True,1143,1338,1143,-0.51078,-0.52288,-0.51078
iter8_s3501000039_K40,early_mid,iter8,40,28,0.0107,immediate-score,True,False,False,True,1158,1343,1158,0.97458,0.95834,0.97458
greedy_s3500000048_K10,pre_endgame,greedy,10,32,0.0104,structural/closure,True,False,False,True,745,1227,745,-0.91134,-0.92219,-0.91134
heur3200_s3502000040_K28,mid,heur@3200,28,36,0.0101,structural/unclear,True,False,False,True,1645,1756,1645,0.51025,0.49035,0.51025
greedy_s3500000032_K40,early_mid,greedy,40,28,0.0088,structural/closure,True,False,False,True,1042,1243,1042,-0.27759,-0.2864,-0.27759
greedy_s3500000033_K40,early_mid,greedy,40,40,0.0088,structural/closure,True,False,False,True,1465,1461,1465,0.75749,0.74868,0.75749
greedy_s3500000036_K40,early_mid,greedy,40,22,0.0082,structural/closure,True,False,False,True,1658,1033,1658,-0.81823,-0.82645,-0.81823
greedy_s3500000008_K10,pre_endgame,greedy,10,22,0.0077,structural/closure,True,False,False,True,1422,1349,1422,0.94832,0.94066,0.94832
greedy_s3500000008_K40,early_mid,greedy,40,22,0.0072,structural/closure,True,False,False,True,1449,1536,1449,0.85045,0.84327,0.85045
heur3200_s3502000029_K16,late_mid,heur@3200,16,43,0.0068,bag/scarcity,True,False,False,True,1545,742,1545,-0.5229,-0.5297,-0.5229
hybrid_8_3200_s3503000008_K10,pre_endgame,hybrid:8:3200,10,39,0.0065,structural/closure,True,False,False,True,1531,1543,1531,0.74683,0.74036,0.74683
iter8_s3501000039_K52,opening,iter8,52,25,0.0064,structural/unclear,True,False,False,True,1262,1367,1262,0.94755,0.94118,0.94755
heur3200_s3502000034_K16,late_mid,heur@3200,16,32,0.0064,structural/unclear,True,False,False,True,1540,1749,1540,0.57407,0.56768,0.57407
iter8_s3501000020_K52,opening,iter8,52,13,0.0062,structural/unclear,True,False,False,True,1160,1161,1160,0.11211,0.10591,0.11211
heur3200_s3502000035_K28,mid,heur@3200,28,38,0.0062,structural/closure,True,False,False,True,657,660,657,-0.34099,-0.46047,-0.34099
iter8_s3501000049_K40,early_mid,iter8,40,19,0.0061,structural/unclear,True,False,False,True,853,956,853,0.18503,0.17174,0.18503
iter8_s3501000004_K16,late_mid,iter8,16,48,0.0059,structural/unclear,True,False,False,True,1665,1666,1665,-0.6728,-0.67866,-0.6728
iter8_s3501000043_K28,mid,iter8,28,40,0.0058,structural/closure,True,False,False,True,745,832,745,0.89465,0.88327,0.89465
iter8_s3501000001_K16,late_mid,iter8,16,36,0.0058,structural/unclear,True,False,False,True,736,852,736,-0.43221,-0.43803,-0.43221
greedy_s3500000038_K40,early_mid,greedy,40,50,0.0056,structural/closure,True,False,False,True,1366,1160,1366,-0.44138,-0.50564,-0.44138
heur3200_s3502000049_K10,pre_endgame,heur@3200,10,40,0.0054,completion/score-greed,True,False,False,True,1129,867,1129,-0.99073,-0.99621,-0.99073
greedy_s3500000042_K16,late_mid,greedy,16,33,0.0053,structural/closure,True,False,False,True,1641,1955,1641,-0.88987,-0.89533,-0.88987
greedy_s3500000014_K52,opening,greedy,52,19,0.1525,structural/unclear,False,True,True,False,1063,1063,1060,0.16048,0.16048,-0.08633
iter8_s3501000007_K16,late_mid,iter8,16,36,0.005,meeple-economy,True,False,False,True,859,931,859,0.86937,0.86442,0.86937
greedy_s3500000017_K52,opening,greedy,52,20,0.0048,structural/closure,True,False,False,True,1455,943,1455,-0.53654,-0.5774,-0.53654
iter8_s3501000046_K52,opening,iter8,52,27,0.0045,structural/unclear,True,False,False,True,1260,758,1260,-0.58497,-0.62665,-0.58497
heur3200_s3502000040_K40,early_mid,heur@3200,40,27,0.0045,structural/unclear,True,False,False,True,1564,1565,1564,0.58624,0.5817,0.58624
iter8_s3501000030_K16,late_mid,iter8,16,42,0.0044,structural/unclear,True,False,False,True,1032,1160,1032,0.94405,0.93466,0.94405
hybrid_8_3200_s3503000001_K10,pre_endgame,hybrid:8:3200,10,48,0.0043,structural/unclear,True,False,False,True,1846,933,1846,0.96856,0.96423,0.96856
heur3200_s3502000007_K52,opening,heur@3200,52,22,0.0042,structural/unclear,True,False,False,True,1432,1436,1432,0.33521,0.33098,0.33521
iter8_s3501000045_K10,pre_endgame,iter8,10,38,0.004,structural/unclear,True,False,False,True,734,829,734,0.19685,0.19283,0.19685
hybrid_8_3200_s3503000028_K10,pre_endgame,hybrid:8:3200,10,34,0.0034,structural/unclear,True,False,False,True,1267,1467,1267,-0.2548,-0.25821,-0.2548
heur3200_s3502000016_K40,early_mid,heur@3200,40,39,0.0031,structural/unclear,True,False,False,True,1034,1129,1034,-0.78149,-0.78463,-0.78149
hybrid_8_3200_s3503000030_K52,opening,hybrid:8:3200,52,12,0.003,structural/unclear,True,False,False,True,1043,1136,1043,0.46965,0.46666,0.46965
greedy_s3500000032_K28,mid,greedy,28,28,0.0028,structural/closure,True,False,False,True,1533,1555,1533,-0.23989,-0.26433,-0.23989
greedy_s3500000044_K16,late_mid,greedy,16,56,0.0028,structural/closure,True,False,False,True,744,1229,744,-0.83561,-0.83837,-0.83561
heur3200_s3502000017_K40,early_mid,heur@3200,40,22,0.0026,structural/unclear,True,False,False,True,1161,1264,1161,0.77749,0.7749,0.77749
greedy_s3500000006_K28,mid,greedy,28,26,0.0024,structural/unclear,True,False,False,True,960,964,960,0.25372,0.25132,0.25372
iter8_s3501000038_K28,mid,iter8,28,29,0.0023,structural/unclear,True,False,False,True,750,1126,750,-0.29672,-0.30633,-0.29672
hybrid_8_3200_s3503000021_K52,opening,hybrid:8:3200,52,40,0.0022,structural/unclear,True,False,False,True,1444,1448,1444,0.65319,0.65094,0.65319
heur3200_s3502000020_K52,opening,heur@3200,52,24,0.002,structural/unclear,True,False,False,True,1060,1436,1060,0.06338,0.06138,0.06338
hybrid_8_3200_s3503000040_K40,early_mid,hybrid:8:3200,40,19,0.002,structural/unclear,True,False,False,True,1128,1131,1128,-0.3848,-0.38679,-0.3848
greedy_s3500000045_K16,late_mid,greedy,16,68,0.0019,structural/unclear,True,False,False,True,748,1560,748,0.52821,0.52188,0.52821
greedy_s3500000001_K10,pre_endgame,greedy,10,64,0.0019,structural/unclear,True,False,False,True,852,1077,852,-0.98397,-0.98596,-0.98397
hybrid_8_3200_s3503000009_K10,pre_endgame,hybrid:8:3200,10,52,0.0018,structural/unclear,True,False,False,True,1233,1729,1233,-0.89839,-0.90022,-0.89839
iter8_s3501000038_K40,early_mid,iter8,40,17,0.0017,structural/unclear,True,False,False,True,1141,1143,1141,0.83627,0.83458,0.83627
greedy_s3500000033_K28,mid,greedy,28,33,0.0017,structural/closure,True,False,False,True,1045,1274,1045,0.91805,0.91636,0.91805
hybrid_8_3200_s3503000017_K10,pre_endgame,hybrid:8:3200,10,27,0.0015,structural/unclear,True,False,False,True,1370,1475,1370,-0.73019,-0.73166,-0.73019
heur3200_s3502000044_K52,opening,heur@3200,52,29,0.0013,structural/unclear,True,False,False,True,1141,1232,1141,0.34528,0.34373,0.34528
hybrid_8_3200_s3503000025_K52,opening,hybrid:8:3200,52,21,0.0013,structural/unclear,True,False,False,True,1256,1258,1256,0.85308,0.8502,0.85308
heur3200_s3502000042_K40,early_mid,heur@3200,40,28,0.0013,structural/unclear,True,False,False,True,950,954,950,-0.05665,-0.05798,-0.05665
hybrid_8_3200_s3503000029_K28,mid,hybrid:8:3200,28,40,0.0012,structural/unclear,True,False,False,True,1628,1640,1628,0.74271,0.74155,0.74271
hybrid_8_3200_s3503000014_K10,pre_endgame,hybrid:8:3200,10,41,0.0011,structural/unclear,True,False,False,True,732,1466,732,-0.90758,-0.9087,-0.90758
hybrid_8_3200_s3503000032_K10,pre_endgame,hybrid:8:3200,10,39,0.0011,structural/closure,True,False,False,True,1859,1144,1859,0.98458,0.98037,0.98458
greedy_s3500000006_K16,late_mid,greedy,16,35,0.001,structural/unclear,True,False,False,True,762,1175,762,0.15695,0.15595,0.15695
heur3200_s3502000048_K52,opening,heur@3200,52,22,0.0009,structural/unclear,True,False,False,True,1332,1437,1332,-0.89094,-0.89186,-0.89094
hybrid_8_3200_s3503000006_K28,mid,hybrid:8:3200,28,27,0.0009,structural/closure,True,False,False,True,1164,1363,1164,0.99359,0.99191,0.99359
hybrid_8_3200_s3503000011_K16,late_mid,hybrid:8:3200,16,42,0.0009,structural/unclear,True,False,False,True,1324,1139,1324,0.99357,0.99248,0.99357
iter8_s3501000011_K10,pre_endgame,iter8,10,40,0.0008,bag/scarcity,True,False,False,True,1118,1528,1118,0.76025,0.73185,0.76025
hybrid_8_3200_s3503000047_K52,opening,hybrid:8:3200,52,24,0.0007,structural/unclear,True,False,False,True,1140,1644,1140,-0.17812,-0.17885,-0.17812
heur3200_s3502000048_K40,early_mid,heur@3200,40,19,0.0007,structural/closure,True,False,False,True,1267,1333,1267,-0.85396,-0.85468,-0.85396
heur3200_s3502000000_K52,opening,heur@3200,52,16,0.0006,structural/unclear,True,False,False,True,1441,1536,1441,-0.08004,-0.0806,-0.08004
hybrid_8_3200_s3503000031_K40,early_mid,hybrid:8:3200,40,32,0.0006,structural/unclear,True,False,False,True,937,1133,937,0.92339,0.92274,0.92339
iter8_s3501000020_K16,late_mid,iter8,16,36,0.0006,structural/unclear,True,False,False,True,764,836,764,-0.58044,-0.58118,-0.58044
greedy_s3500000031_K52,opening,greedy,52,26,0.0005,structural/unclear,True,False,False,True,857,960,857,0.18391,0.18337,0.18391
heur3200_s3502000032_K28,mid,heur@3200,28,32,0.0005,structural/unclear,True,False,False,True,952,1164,952,-0.00091,-0.0016,-0.00091
iter8_s3501000012_K28,mid,iter8,28,28,0.0005,meeple-economy,True,False,False,True,1138,1356,1138,-0.98385,-0.98481,-0.98385
heur3200_s3502000004_K28,mid,heur@3200,28,22,0.0004,structural/closure,True,False,False,True,652,1632,652,-0.06448,-0.06614,-0.06448
heur3200_s3502000012_K10,pre_endgame,heur@3200,10,47,0.0004,structural/closure,True,False,False,True,1733,1852,1733,-0.79165,-0.79239,-0.79165
heur3200_s3502000017_K10,pre_endgame,heur@3200,10,35,0.0004,structural/unclear,True,False,False,True,1634,856,1634,0.95905,0.95432,0.95905
hybrid_8_3200_s3503000002_K40,early_mid,hybrid:8:3200,40,22,0.0003,structural/closure,True,False,False,True,1460,1438,1460,0.86386,0.81855,0.86386
heur3200_s3502000008_K16,late_mid,heur@3200,16,36,0.0003,structural/unclear,True,False,False,True,1451,1124,1451,-0.99751,-0.99784,-0.99751
iter8_s3501000035_K16,late_mid,iter8,16,30,0.0003,structural/closure,True,False,False,True,1139,1634,1139,-0.25547,-0.25579,-0.25547
heur3200_s3502000008_K10,pre_endgame,heur@3200,10,28,0.0003,structural/closure,True,False,False,True,760,844,760,-0.99734,-0.99793,-0.99734
heur3200_s3502000025_K10,pre_endgame,heur@3200,10,42,0.0003,meeple-economy,True,False,False,True,1329,1345,1329,-0.95517,-0.9633,-0.95517
heur3200_s3502000003_K52,opening,heur@3200,52,32,0.0002,structural/unclear,True,False,False,True,1137,1240,1137,-0.14296,-0.14314,-0.14296
greedy_s3500000001_K28,mid,greedy,28,39,0.0002,structural/closure,True,False,False,True,849,1649,849,-0.94705,-0.96027,-0.94705
greedy_s3500000030_K16,late_mid,greedy,16,32,0.0002,structural/closure,True,False,False,True,933,1237,933,-0.93274,-0.9329,-0.93274
heur3200_s3502000010_K40,early_mid,heur@3200,40,27,0.0001,structural/unclear,True,False,False,True,960,1166,960,-0.87238,-0.8725,-0.87238
iter8_s3501000028_K16,late_mid,iter8,16,47,0.0001,structural/unclear,True,False,False,True,1069,1070,1069,-0.88095,-0.88101,-0.88095
iter8_s3501000042_K16,late_mid,iter8,16,36,0.0001,structural/unclear,True,False,False,True,661,1265,661,0.97435,0.96769,0.97435
iter8_s3501000006_K10,pre_endgame,iter8,10,55,0.0001,meeple-economy,True,False,False,True,752,1747,752,0.97619,0.97416,0.97619
iter8_s3501000044_K52,opening,iter8,52,22,0.0,structural/unclear,True,False,False,True,1360,1441,1360,-0.84532,-0.85206,-0.84532
greedy_s3500000007_K40,early_mid,greedy,40,43,0.0,structural/unclear,True,False,False,True,1437,1636,1437,-0.50857,-0.50857,-0.50857
hybrid_8_3200_s3503000035_K40,early_mid,hybrid:8:3200,40,28,0.0,structural/closure,True,False,False,True,641,1744,641,0.58278,0.58093,0.58278
iter8_s3501000017_K40,early_mid,iter8,40,39,0.0,structural/unclear,True,False,False,True,737,1056,737,0.81216,0.81216,0.81216
heur3200_s3502000012_K28,mid,heur@3200,28,50,0.0,structural/unclear,True,False,False,True,1637,1638,1637,-0.00091,-0.00091,-0.00091
hybrid_8_3200_s3503000042_K28,mid,hybrid:8:3200,28,66,0.0,structural/unclear,True,False,False,True,1042,1043,1042,0.12361,0.12361,0.12361
heur3200_s3502000010_K16,late_mid,heur@3200,16,45,0.0,structural/unclear,True,False,False,True,968,1168,968,-0.85377,-0.85378,-0.85377
heur3200_s3502000031_K16,late_mid,heur@3200,16,35,0.0,structural/unclear,True,False,False,True,1464,1466,1464,0.69968,0.69968,0.69968
heur3200_s3502000036_K16,late_mid,heur@3200,16,40,0.0,structural/unclear,True,False,False,True,748,1560,748,-0.37995,-0.37995,-0.37995
hybrid_8_3200_s3503000005_K16,late_mid,hybrid:8:3200,16,20,0.0,structural/unclear,True,False,False,True,1328,1636,1328,0.37995,0.37995,0.37995
hybrid_8_3200_s3503000016_K16,late_mid,hybrid:8:3200,16,29,0.0,bag/scarcity,True,False,False,True,637,1374,637,-0.4355,-0.4355,-0.4355
hybrid_8_3200_s3503000021_K16,late_mid,hybrid:8:3200,16,28,0.0,structural/unclear,True,False,False,True,1276,1378,1276,0.43037,0.43037,0.43037
hybrid_8_3200_s3503000022_K16,late_mid,hybrid:8:3200,16,26,0.0,bag/scarcity,True,False,False,True,932,1738,932,0.37995,0.37995,0.37995
hybrid_8_3200_s3503000025_K16,late_mid,hybrid:8:3200,16,27,0.0,structural/closure,True,False,False,True,553,861,553,0.7882,0.7882,0.7882
greedy_s3500000010_K10,pre_endgame,greedy,10,33,0.0,structural/closure,True,False,False,True,743,967,743,-0.97233,-0.97233,-0.97233
greedy_s3500000023_K10,pre_endgame,greedy,10,37,0.0,structural/unclear,True,False,False,True,747,751,747,0.98563,0.98561,0.98563
greedy_s3500000036_K10,pre_endgame,greedy,10,52,0.0,structural/unclear,True,False,False,True,1124,1845,1124,-0.78617,-0.78617,-0.78617
heur3200_s3502000006_K10,pre_endgame,heur@3200,10,42,0.0,structural/unclear,True,False,False,True,632,1558,632,-0.26052,-0.26207,-0.26052
heur3200_s3502000043_K10,pre_endgame,heur@3200,10,52,0.0,structural/unclear,True,False,False,True,736,1039,736,-0.92213,-0.92213,-0.92213
hybrid_8_3200_s3503000022_K10,pre_endgame,hybrid:8:3200,10,30,0.0,structural/unclear,True,False,False,True,1733,1836,1733,0.50026,0.49344,0.50026
hybrid_8_3200_s3503000037_K10,pre_endgame,hybrid:8:3200,10,49,0.0,structural/unclear,True,False,False,True,742,1028,742,-0.62834,-0.62839,-0.62834
hybrid_8_3200_s3503000039_K10,pre_endgame,hybrid:8:3200,10,39,0.0,structural/closure,True,False,False,True,978,1565,978,0.96915,0.95992,0.96915
iter8_s3501000020_K10,pre_endgame,iter8,10,50,0.0,structural/unclear,True,False,False,True,560,1836,560,-0.53705,-0.53705,-0.53705
iter8_s3501000038_K10,pre_endgame,iter8,10,39,0.0,structural/unclear,True,False,False,True,744,1374,744,-0.76159,-0.76159,-0.76159
iter8_s3501000047_K10,pre_endgame,iter8,10,40,0.0001,meeple-economy,True,False,False,True,854,1316,854,-0.97557,-0.97562,-0.97557
greedy_s3500000040_K52,opening,greedy,52,20,0.1481,structural/unclear,False,True,True,False,1356,1356,849,0.26822,0.26822,-0.4635
iter8_s3501000000_K28,mid,iter8,28,46,0.1087,structural/unclear,False,True,True,False,1657,1657,1139,0.27162,0.27162,0.15624
hybrid_8_3200_s3503000019_K52,opening,hybrid:8:3200,52,28,0.0918,structural/unclear,False,True,True,False,1152,1152,1060,0.46299,0.46299,0.37121
iter8_s3501000010_K16,late_mid,iter8,16,30,0.0897,structural/closure,False,True,True,False,1241,1241,848,0.33521,0.33521,0.24555
greedy_s3500000001_K52,opening,greedy,52,23,0.0876,completion/score-greed,False,True,True,False,1144,1144,949,-0.30455,-0.30455,-0.39265
iter8_s3501000016_K28,mid,iter8,28,34,0.0832,structural/closure,False,True,True,False,1567,1567,660,0.51422,0.51422,0.33967
greedy_s3500000009_K52,opening,greedy,52,17,0.0744,completion/score-greed,False,True,True,False,1056,1056,957,0.11246,0.11246,-0.04138
greedy_s3500000044_K52,opening,greedy,52,37,0.0695,structural/unclear,False,True,True,False,1239,1239,932,0.41645,0.41645,-0.14694
greedy_s3500000000_K52,opening,greedy,52,26,0.1292,structural/unclear,True,True,False,False,1040,949,844,-0.02296,-0.15217,-0.2141
heur3200_s3502000024_K52,opening,heur@3200,52,40,0.0593,structural/unclear,False,True,True,False,1444,1444,948,0.37891,0.37891,0.27451
greedy_s3500000019_K16,late_mid,greedy,16,88,0.0563,structural/unclear,False,True,True,False,1356,1356,732,0.64534,0.64534,0.47427
heur3200_s3502000023_K52,opening,heur@3200,52,32,0.0554,structural/unclear,False,True,True,False,1144,1144,856,-0.51177,-0.51177,-0.56719
heur3200_s3502000025_K52,opening,heur@3200,52,28,0.0524,structural/unclear,False,True,True,False,1644,1644,840,0.233,0.233,0.18056
greedy_s3500000035_K52,opening,greedy,52,40,0.0501,structural/unclear,False,True,True,False,1056,1056,852,0.23242,0.23242,0.1475
greedy_s3500000015_K16,late_mid,greedy,16,88,0.0495,structural/unclear,False,True,True,False,1160,1160,728,0.03209,0.03209,-0.3377
greedy_s3500000006_K10,pre_endgame,greedy,10,80,0.097,structural/unclear,True,True,False,False,1332,1152,744,0.10515,-0.0089,-0.12187
greedy_s3500000014_K28,mid,greedy,28,52,0.048,structural/unclear,False,True,True,False,1360,1360,1264,0.86816,0.86816,0.8202
iter8_s3501000049_K16,late_mid,iter8,16,43,0.0441,structural/unclear,False,True,True,False,1137,1137,749,0.04153,0.04153,-0.14767
iter8_s3501000002_K28,mid,iter8,28,37,0.04,structural/closure,False,True,True,False,971,971,861,-0.60813,-0.60813,-0.66551
hybrid_8_3200_s3503000038_K40,early_mid,hybrid:8:3200,40,26,0.038,structural/unclear,False,True,True,False,1324,1324,1033,0.1549,0.1549,0.11687
iter8_s3501000019_K40,early_mid,iter8,40,34,0.0374,structural/unclear,False,True,True,False,1533,1533,1045,-0.69386,-0.69386,-0.74995
iter8_s3501000022_K52,opening,iter8,52,17,0.0363,structural/unclear,False,True,True,False,1454,1454,1156,-0.12966,-0.12966,-0.16599
heur3200_s3502000021_K10,pre_endgame,heur@3200,10,54,0.0362,structural/closure,False,True,True,False,1160,1160,832,-0.37372,-0.37372,-0.41184
heur3200_s3502000036_K52,opening,heur@3200,52,20,0.0358,structural/unclear,False,True,True,False,1450,1450,1265,0.33763,0.33763,0.29172
greedy_s3500000013_K28,mid,greedy,28,44,0.058,structural/unclear,True,True,False,False,1541,1856,1468,0.16041,0.05892,0.06922
iter8_s3501000012_K52,opening,iter8,52,25,0.0508,structural/unclear,True,True,False,False,1343,1044,1145,-0.15931,-0.35601,-0.21009
greedy_s3500000009_K16,late_mid,greedy,16,40,0.05,structural/unclear,True,True,False,False,1165,1261,1241,0.21365,0.16367,-0.01769
hybrid_8_3200_s3503000038_K28,mid,hybrid:8:3200,28,42,0.0249,immediate-score,False,True,True,False,1029,1029,957,0.37474,0.37474,0.34986
heur3200_s3502000014_K16,late_mid,heur@3200,16,29,0.0247,meeple-economy,False,True,True,False,864,864,1462,0.38852,0.38852,0.30712
greedy_s3500000026_K10,pre_endgame,greedy,10,36,0.0478,structural/unclear,True,True,False,False,1757,959,959,-0.72356,-0.77131,-0.77131
heur3200_s3502000020_K28,mid,heur@3200,28,28,0.0236,structural/closure,False,True,True,False,1049,1049,756,-0.24004,-0.24004,-0.26368
iter8_s3501000034_K52,opening,iter8,52,16,0.0222,structural/unclear,False,True,True,False,1452,1452,1060,-0.26999,-0.26999,-0.2922
iter8_s3501000010_K28,mid,iter8,28,25,0.0438,structural/unclear,True,True,False,False,1469,1660,941,0.21637,0.15417,0.05261
iter8_s3501000013_K52,opening,iter8,52,19,0.0201,structural/closure,False,True,True,False,1341,1341,944,-0.59061,-0.59061,-0.61565
heur3200_s3502000015_K10,pre_endgame,heur@3200,10,26,0.0196,structural/closure,False,True,True,False,1661,1661,740,-0.34949,-0.34949,-0.42256
iter8_s3501000047_K52,opening,iter8,52,20,0.0386,structural/unclear,True,True,False,False,1132,1449,1449,-0.14419,-0.18276,-0.18276
heur3200_s3502000036_K40,early_mid,heur@3200,40,15,0.0186,structural/unclear,False,True,True,False,1539,1539,1265,0.70497,0.70497,0.68544
greedy_s3500000008_K52,opening,greedy,52,27,0.0184,structural/unclear,False,True,True,False,1447,1447,1437,0.17375,0.17375,0.15532
greedy_s3500000014_K16,late_mid,greedy,16,51,0.018,structural/closure,False,True,True,False,1166,1166,742,0.37634,0.37634,0.35469
heur3200_s3502000044_K40,early_mid,heur@3200,40,40,0.018,structural/unclear,False,True,True,False,1352,1352,856,0.28825,0.28825,0.26962
heur3200_s3502000022_K10,pre_endgame,heur@3200,10,52,0.036,structural/unclear,True,True,False,False,1840,1748,656,-0.35367,-0.38968,-0.52115
iter8_s3501000009_K52,opening,iter8,52,17,0.0357,structural/unclear,True,True,False,False,1456,855,1142,0.2852,0.22518,0.24121
greedy_s3500000025_K52,opening,greedy,52,10,0.0172,completion/score-greed,False,True,True,False,1339,1339,1129,0.66261,0.66261,0.64403
iter8_s3501000008_K40,early_mid,iter8,40,9,0.034,structural/closure,True,True,False,False,1268,837,837,0.37342,0.33938,0.33938
heur3200_s3502000013_K52,opening,heur@3200,52,15,0.0159,structural/unclear,False,True,True,False,1558,1558,849,-0.15339,-0.15339,-0.18312
hybrid_8_3200_s3503000009_K40,early_mid,hybrid:8:3200,40,18,0.0319,structural/unclear,True,True,False,False,1643,964,850,0.09443,0.04594,0.0398
greedy_s3500000021_K40,early_mid,greedy,40,50,0.0157,structural/unclear,False,True,True,False,1253,1253,1260,0.48671,0.48671,0.47097
greedy_s3500000029_K52,opening,greedy,52,28,0.0154,structural/unclear,False,True,True,False,1157,1157,1337,-0.31134,-0.31134,-0.36446
greedy_s3500000040_K40,early_mid,greedy,40,18,0.0302,structural/closure,True,True,False,False,848,1360,844,0.56564,0.52267,0.53266
hybrid_8_3200_s3503000047_K40,early_mid,hybrid:8:3200,40,23,0.015,structural/unclear,False,True,True,False,1139,1139,1138,0.06846,0.06846,0.05345
heur3200_s3502000037_K52,opening,heur@3200,52,23,0.0138,structural/unclear,False,True,True,False,1339,1339,1036,0.21142,0.21142,0.19757
iter8_s3501000025_K52,opening,iter8,52,14,0.0128,structural/closure,False,True,True,False,1161,1161,856,-0.00214,-0.00214,-0.09562
iter8_s3501000037_K52,opening,iter8,52,19,0.0124,structural/unclear,False,True,True,False,1161,1161,1160,0.00314,0.00314,-0.00926
greedy_s3500000032_K52,opening,greedy,52,22,0.0119,structural/unclear,False,True,True,False,1460,1460,937,0.28484,0.28484,0.26911
hybrid_8_3200_s3503000013_K40,early_mid,hybrid:8:3200,40,23,0.0118,structural/unclear,False,True,True,False,1436,1436,1041,-0.71501,-0.71501,-0.73314
greedy_s3500000012_K40,early_mid,greedy,40,38,0.0234,structural/closure,True,True,False,False,1652,1441,1645,-0.42948,-0.53618,-0.45978
heur3200_s3502000001_K40,early_mid,heur@3200,40,16,0.0117,structural/unclear,False,True,True,False,1652,1652,1132,0.69244,0.69244,0.67308
greedy_s3500000049_K52,opening,greedy,52,22,0.0231,structural/closure,True,True,False,False,848,1357,1436,0.77863,0.75558,0.72684
iter8_s3501000030_K28,mid,iter8,28,32,0.0114,structural/unclear,False,True,True,False,943,943,740,0.61091,0.61091,0.59759
iter8_s3501000016_K40,early_mid,iter8,40,24,0.0112,structural/unclear,False,True,True,False,1341,1341,752,-0.44885,-0.44885,-0.46006
heur3200_s3502000004_K10,pre_endgame,heur@3200,10,28,0.0223,immediate-score,True,True,False,False,1233,1640,1640,0.62548,0.60316,0.60316
heur3200_s3502000004_K52,opening,heur@3200,52,24,0.0107,structural/unclear,False,True,True,False,754,754,750,0.74825,0.74825,0.7375
heur3200_s3502000044_K10,pre_endgame,heur@3200,10,32,0.0102,structural/closure,False,True,True,False,1368,1368,1125,0.83498,0.83498,0.81425
heur3200_s3502000037_K40,early_mid,heur@3200,40,24,0.0102,structural/closure,False,True,True,False,1540,1540,943,0.8112,0.8112,0.79623
hybrid_8_3200_s3503000020_K10,pre_endgame,hybrid:8:3200,10,50,0.0201,structural/unclear,True,True,False,False,1421,944,1068,0.5617,0.54156,0.48946
greedy_s3500000016_K10,pre_endgame,greedy,10,46,0.02,structural/closure,True,True,False,False,1329,745,745,0.88617,0.86618,0.86618
heur3200_s3502000013_K10,pre_endgame,heur@3200,10,35,0.02,bag/scarcity,True,True,False,False,1432,833,738,0.27943,0.25942,0.24961
heur3200_s3502000026_K52,opening,heur@3200,52,29,0.0197,structural/closure,True,True,False,False,1133,1361,940,-0.44327,-0.46299,-0.47234
iter8_s3501000001_K52,opening,iter8,52,20,0.0197,structural/unclear,True,True,False,False,1551,1548,1548,0.07824,0.05419,0.05419
heur3200_s3502000018_K52,opening,heur@3200,52,15,0.0097,structural/unclear,False,True,True,False,1470,1470,964,0.4057,0.4057,0.35799
heur3200_s3502000011_K40,early_mid,heur@3200,40,27,0.0097,structural/unclear,False,True,True,False,1546,1546,1545,0.55001,0.55001,0.52406
hybrid_8_3200_s3503000019_K28,mid,hybrid:8:3200,28,44,0.019,structural/unclear,True,True,False,False,1637,1348,833,0.59758,0.5417,0.55233
iter8_s3501000034_K10,pre_endgame,iter8,10,27,0.0186,structural/unclear,True,True,False,False,1335,1529,641,-0.71394,-0.73256,-0.7951
heur3200_s3502000027_K28,mid,heur@3200,28,38,0.0184,structural/unclear,True,True,False,False,1068,1261,745,-0.50946,-0.54149,-0.55921
hybrid_8_3200_s3503000041_K52,opening,hybrid:8:3200,52,17,0.0174,meeple-economy,True,True,False,False,1462,1448,1138,0.282,0.259,0.2483
heur3200_s3502000040_K52,opening,heur@3200,52,30,0.0086,structural/unclear,False,True,True,False,1558,1558,1357,0.06433,0.06433,0.05576
heur3200_s3502000043_K52,opening,heur@3200,52,14,0.0084,meeple-economy,False,True,True,False,1256,1256,1654,-0.03423,-0.03423,-0.1219
hybrid_8_3200_s3503000017_K40,early_mid,hybrid:8:3200,40,29,0.0083,structural/unclear,False,True,True,False,1547,1547,867,-0.90164,-0.90164,-0.91188
heur3200_s3502000014_K28,mid,heur@3200,28,36,0.0083,structural/unclear,False,True,True,False,1049,1049,961,0.16553,0.16553,0.15723
iter8_s3501000048_K28,mid,iter8,28,37,0.0082,structural/unclear,False,True,True,False,1556,1556,756,0.43243,0.43243,0.41899
iter8_s3501000009_K28,mid,iter8,28,30,0.0081,immediate-score,False,True,True,False,1360,1360,1136,0.22499,0.22499,0.18249
iter8_s3501000034_K16,late_mid,iter8,16,56,0.0081,structural/unclear,False,True,True,False,1040,1040,736,-0.91221,-0.91221,-0.9414
iter8_s3501000046_K16,late_mid,iter8,16,33,0.0077,structural/unclear,False,True,True,False,1328,1328,1225,0.34691,0.34691,0.33923
hybrid_8_3200_s3503000024_K10,pre_endgame,hybrid:8:3200,10,92,0.0146,structural/unclear,True,True,False,False,1660,1740,856,0.15434,0.13321,0.13368
iter8_s3501000041_K52,opening,iter8,52,7,0.0072,structural/unclear,False,True,True,False,1339,1339,943,0.79022,0.79022,0.76738
greedy_s3500000007_K28,mid,greedy,28,42,0.0144,structural/unclear,True,True,False,False,863,1556,860,-0.38478,-0.45702,-0.39917
greedy_s3500000046_K28,mid,greedy,28,18,0.0072,structural/unclear,False,True,True,False,1240,1240,1138,-0.08881,-0.08881,-0.09597
greedy_s3500000045_K40,early_mid,greedy,40,46,0.0142,structural/unclear,True,True,False,False,1649,1149,1149,0.68791,0.6737,0.6737
iter8_s3501000001_K28,mid,iter8,28,33,0.0067,structural/unclear,False,True,True,False,839,839,836,-0.80106,-0.80106,-0.81635
greedy_s3500000016_K52,opening,greedy,52,22,0.0064,structural/unclear,False,True,True,False,1548,1548,1156,0.78256,0.78256,0.7298
hybrid_8_3200_s3503000046_K10,pre_endgame,hybrid:8:3200,10,40,0.0064,structural/closure,False,True,True,False,1651,1651,647,-0.51906,-0.51906,-0.53457
iter8_s3501000043_K52,opening,iter8,52,37,0.0063,structural/unclear,False,True,True,False,1556,1556,1463,0.02021,0.02021,0.01391
heur3200_s3502000016_K28,mid,heur@3200,28,34,0.0123,structural/unclear,True,True,False,False,1558,1637,965,-0.5036,-0.51595,-0.51675
greedy_s3500000012_K10,pre_endgame,greedy,10,48,0.006,structural/unclear,False,True,True,False,1328,1328,828,-0.65752,-0.65752,-0.66404
hybrid_8_3200_s3503000016_K40,early_mid,hybrid:8:3200,40,30,0.0059,structural/unclear,False,True,True,False,1063,1063,1060,0.13999,0.13999,0.13299
iter8_s3501000046_K10,pre_endgame,iter8,10,48,0.0118,structural/unclear,True,True,False,False,1658,1633,1468,0.57671,0.55811,0.56495
greedy_s3500000030_K52,opening,greedy,52,30,0.0058,structural/unclear,False,True,True,False,1538,1538,761,-0.31864,-0.31864,-0.38856
hybrid_8_3200_s3503000011_K52,opening,hybrid:8:3200,52,17,0.0058,structural/unclear,False,True,True,False,1337,1337,1238,-0.10524,-0.10524,-0.11105
hybrid_8_3200_s3503000030_K28,mid,hybrid:8:3200,28,12,0.0056,structural/unclear,False,True,True,False,1332,1332,1268,0.69851,0.69851,0.69254
heur3200_s3502000011_K10,pre_endgame,heur@3200,10,43,0.0056,structural/unclear,False,True,True,False,939,939,936,0.46877,0.46877,0.46319
iter8_s3501000024_K52,opening,iter8,52,32,0.0055,structural/unclear,False,True,True,False,1156,1156,1357,-0.46103,-0.46103,-0.47393
greedy_s3500000028_K10,pre_endgame,greedy,10,30,0.0054,structural/unclear,False,True,True,False,1230,1230,1229,-0.65794,-0.65794,-0.66333
heur3200_s3502000029_K40,early_mid,heur@3200,40,41,0.0106,structural/unclear,True,True,False,False,1455,958,958,-0.10338,-0.11487,-0.11487
iter8_s3501000021_K40,early_mid,iter8,40,28,0.0106,structural/unclear,True,True,False,False,1135,1645,1134,0.08279,0.0568,0.07218
greedy_s3500000004_K52,opening,greedy,52,35,0.0052,structural/unclear,False,True,True,False,1740,1740,1537,0.58741,0.58741,0.56778
greedy_s3500000031_K40,early_mid,greedy,40,30,0.0102,structural/unclear,True,True,False,False,1540,954,954,0.0603,0.05012,0.05012
heur3200_s3502000047_K40,early_mid,heur@3200,40,10,0.0047,completion/score-greed,False,True,True,False,1646,1646,1438,0.7234,0.7234,0.71866
greedy_s3500000005_K40,early_mid,greedy,40,25,0.0092,meeple-economy,True,True,False,False,1636,1555,1555,0.53759,0.52838,0.52838
hybrid_8_3200_s3503000036_K40,early_mid,hybrid:8:3200,40,28,0.0045,structural/closure,False,True,True,False,945,945,748,0.79124,0.79124,0.78397
hybrid_8_3200_s3503000022_K52,opening,hybrid:8:3200,52,11,0.0044,structural/closure,False,True,True,False,1462,1462,948,0.44701,0.44701,0.38712
hybrid_8_3200_s3503000047_K16,late_mid,hybrid:8:3200,16,38,0.0089,structural/unclear,True,True,False,False,1469,1169,748,0.00452,-0.00444,-0.00904
heur3200_s3502000001_K52,opening,heur@3200,52,28,0.0044,structural/unclear,False,True,True,False,1441,1441,953,0.59843,0.59843,0.54969
heur3200_s3502000049_K40,early_mid,heur@3200,40,24,0.0086,structural/closure,True,True,False,False,1536,1465,1132,-0.08709,-0.11078,-0.09586
greedy_s3500000015_K28,mid,greedy,28,33,0.0043,structural/closure,False,True,True,False,1170,1170,836,-0.21475,-0.21475,-0.32278
hybrid_8_3200_s3503000015_K28,mid,hybrid:8:3200,28,40,0.0043,structural/unclear,False,True,True,False,1745,1745,1557,0.7493,0.7493,0.74498
greedy_s3500000029_K28,mid,greedy,28,53,0.0043,structural/closure,False,True,True,False,1460,1460,744,-0.59036,-0.59036,-0.59722
hybrid_8_3200_s3503000046_K16,late_mid,hybrid:8:3200,16,32,0.004,structural/closure,False,True,True,False,954,954,744,-0.57245,-0.57245,-0.57658
greedy_s3500000042_K52,opening,greedy,52,23,0.0077,structural/unclear,True,True,False,False,1339,1436,849,0.43754,0.3897,0.36247
hybrid_8_3200_s3503000007_K52,opening,hybrid:8:3200,52,25,0.0077,structural/closure,True,True,False,False,1646,1657,940,-0.08311,-0.11658,-0.09082
heur3200_s3502000034_K40,early_mid,heur@3200,40,41,0.0077,structural/closure,True,True,False,False,1551,1437,1064,-0.68065,-0.81022,-0.69655
heur3200_s3502000006_K16,late_mid,heur@3200,16,28,0.0077,structural/unclear,True,True,False,False,1033,1534,638,0.0387,0.0285,0.02794
greedy_s3500000044_K40,early_mid,greedy,40,48,0.0076,structural/unclear,True,True,False,False,1441,1442,1026,-0.42247,-0.43005,-0.43023
hybrid_8_3200_s3503000046_K52,opening,hybrid:8:3200,52,19,0.0074,meeple-economy,True,True,False,False,1562,944,1560,0.58838,0.58095,0.58005
hybrid_8_3200_s3503000018_K52,opening,hybrid:8:3200,52,23,0.0073,structural/closure,True,True,False,False,1463,1361,1360,-0.13343,-0.14207,-0.14071
greedy_s3500000003_K40,early_mid,greedy,40,40,0.0069,structural/unclear,True,True,False,False,1364,1657,1136,0.38777,0.36811,0.37956
greedy_s3500000011_K40,early_mid,greedy,40,29,0.0035,meeple-economy,False,True,True,False,967,967,833,-0.37639,-0.37639,-0.37986
greedy_s3500000025_K16,late_mid,greedy,16,39,0.0067,structural/unclear,True,True,False,False,1256,846,846,0.68775,0.68107,0.68107
greedy_s3500000019_K52,opening,greedy,52,22,0.0032,structural/unclear,False,True,True,False,1556,1556,1261,0.5493,0.5493,0.53609
heur3200_s3502000031_K40,early_mid,heur@3200,40,29,0.0065,structural/unclear,True,True,False,False,1232,1234,1038,0.63162,0.62509,0.62329
heur3200_s3502000005_K40,early_mid,heur@3200,40,16,0.0064,structural/unclear,True,True,False,False,848,1460,744,0.36999,0.36246,0.3636
hybrid_8_3200_s3503000004_K16,late_mid,hybrid:8:3200,16,22,0.0032,structural/closure,False,True,True,False,754,754,752,-0.00852,-0.00852,-0.01173
iter8_s3501000010_K10,pre_endgame,iter8,10,48,0.0031,structural/unclear,False,True,True,False,1656,1656,941,0.49098,0.49098,0.48786
iter8_s3501000021_K52,opening,iter8,52,25,0.006,structural/closure,True,True,False,False,1454,1432,1253,0.04852,-0.03396,0.04251
greedy_s3500000003_K52,opening,greedy,52,22,0.0029,structural/unclear,False,True,True,False,1362,1362,1361,-0.09222,-0.09222,-0.10474
hybrid_8_3200_s3503000043_K40,early_mid,hybrid:8:3200,40,30,0.0059,structural/unclear,True,True,False,False,1551,1444,1230,0.8864,0.88046,0.87532
hybrid_8_3200_s3503000015_K40,early_mid,hybrid:8:3200,40,32,0.0029,completion/score-greed,False,True,True,False,1339,1339,841,0.04156,0.04156,-0.01987
greedy_s3500000026_K52,opening,greedy,52,16,0.0057,structural/unclear,True,True,False,False,849,848,848,-0.61609,-0.62178,-0.62178
greedy_s3500000035_K28,mid,greedy,28,32,0.0057,structural/unclear,True,True,False,False,962,960,842,0.19962,0.1861,-0.12902
iter8_s3501000021_K28,mid,iter8,28,40,0.0057,structural/unclear,True,True,False,False,1325,1130,1130,0.28477,0.27903,0.27903
greedy_s3500000011_K16,late_mid,greedy,16,48,0.0057,structural/closure,True,True,False,False,1139,1565,1132,-0.52741,-0.64767,-0.53308
hybrid_8_3200_s3503000010_K28,mid,hybrid:8:3200,28,29,0.0056,structural/unclear,True,True,False,False,1162,1565,1138,-0.72011,-0.72573,-0.75679
greedy_s3500000024_K40,early_mid,greedy,40,32,0.0054,structural/unclear,True,True,False,False,1663,1366,1648,0.50238,0.48782,0.46883
heur3200_s3502000025_K40,early_mid,heur@3200,40,23,0.0054,structural/closure,True,True,False,False,1267,1163,1162,0.38906,0.37813,0.38361
heur3200_s3502000008_K52,opening,heur@3200,52,25,0.0052,structural/unclear,True,True,False,False,1234,1235,1034,-0.12025,-0.13822,-0.13801
heur3200_s3502000015_K52,opening,heur@3200,52,23,0.0026,structural/unclear,False,True,True,False,1141,1141,1050,0.01719,0.01719,0.00067
iter8_s3501000034_K40,early_mid,iter8,40,25,0.0052,structural/closure,True,True,False,False,1166,1752,944,-0.50222,-0.54224,-0.54202
heur3200_s3502000011_K52,opening,heur@3200,52,15,0.0026,structural/unclear,False,True,True,False,1459,1459,1041,0.49706,0.49706,0.42326
iter8_s3501000040_K10,pre_endgame,iter8,10,64,0.0051,structural/unclear,True,True,False,False,1068,1640,632,0.64344,0.6381,0.6381
hybrid_8_3200_s3503000006_K52,opening,hybrid:8:3200,52,26,0.0025,structural/unclear,False,True,True,False,1059,1059,958,0.95008,0.95008,0.94698
greedy_s3500000031_K10,pre_endgame,greedy,10,44,0.005,structural/unclear,True,True,False,False,931,1853,646,-0.28611,-0.2992,-0.30168
iter8_s3501000010_K52,opening,iter8,52,22,0.0047,structural/closure,True,True,False,False,1458,954,954,0.18561,0.18086,0.18086
hybrid_8_3200_s3503000028_K52,opening,hybrid:8:3200,52,16,0.0023,structural/unclear,False,True,True,False,1060,1060,940,0.14026,0.14026,0.1379
hybrid_8_3200_s3503000031_K52,opening,hybrid:8:3200,52,26,0.0022,structural/unclear,False,True,True,False,1365,1365,1244,0.36436,0.36436,0.34387
iter8_s3501000010_K40,early_mid,iter8,40,20,0.0023,structural/unclear,False,True,True,False,1336,1336,849,-0.08085,-0.08085,-0.09022
heur3200_s3502000048_K10,pre_endgame,heur@3200,10,24,0.0045,structural/unclear,True,True,False,False,1135,1133,1476,-0.37259,-0.37712,-0.46154
heur3200_s3502000034_K52,opening,heur@3200,52,40,0.0044,structural/unclear,True,True,False,False,1164,1448,944,-0.28058,-0.28685,-0.28503
hybrid_8_3200_s3503000046_K28,mid,hybrid:8:3200,28,32,0.0043,structural/unclear,True,True,False,False,1036,1452,644,0.14142,0.13716,0.1362
hybrid_8_3200_s3503000007_K40,early_mid,hybrid:8:3200,40,39,0.0042,structural/unclear,True,True,False,False,844,967,840,0.30444,0.29186,0.29262
greedy_s3500000002_K16,late_mid,greedy,16,48,0.0021,structural/unclear,False,True,True,False,1268,1268,1137,-0.22728,-0.22728,-0.24916
heur3200_s3502000007_K16,late_mid,heur@3200,16,33,0.0021,structural/closure,False,True,True,False,1232,1232,745,0.8923,0.8923,0.8902
greedy_s3500000046_K40,early_mid,greedy,40,15,0.0041,structural/unclear,True,True,False,False,1145,1144,1237,-0.31953,-0.32367,-0.33479
greedy_s3500000030_K28,mid,greedy,28,50,0.002,structural/closure,False,True,True,False,940,940,937,-0.7327,-0.7327,-0.73473
heur3200_s3502000002_K28,mid,heur@3200,28,32,0.0041,structural/unclear,True,True,False,False,1265,952,944,0.2009,0.19569,0.19458
hybrid_8_3200_s3503000043_K52,opening,hybrid:8:3200,52,16,0.002,structural/unclear,False,True,True,False,1365,1365,1364,0.73777,0.73777,0.73336
iter8_s3501000008_K28,mid,iter8,28,36,0.0019,structural/unclear,False,True,True,False,1537,1537,833,-0.33293,-0.33293,-0.34114
greedy_s3500000015_K52,opening,greedy,52,17,0.0038,structural/unclear,True,True,False,False,1352,1061,1060,0.03822,0.03446,0.03263
greedy_s3500000025_K28,mid,greedy,28,31,0.0038,structural/closure,True,True,False,False,877,1439,836,0.57643,0.56621,0.56613
iter8_s3501000036_K28,mid,iter8,28,41,0.0038,structural/unclear,True,True,False,False,1473,1852,828,0.00696,-0.02195,-0.02283
heur3200_s3502000039_K52,opening,heur@3200,52,22,0.0037,structural/unclear,True,True,False,False,1141,1641,1042,-0.26148,-0.30912,-0.2757
greedy_s3500000047_K10,pre_endgame,greedy,10,63,0.0037,completion/score-greed,True,True,False,False,761,645,641,-0.95053,-0.95502,-0.95552
iter8_s3501000023_K10,pre_endgame,iter8,10,39,0.0037,structural/closure,True,True,False,False,1070,1177,830,-0.97323,-0.988,-0.98748
greedy_s3500000046_K52,opening,greedy,52,36,0.0018,structural/closure,False,True,True,False,1456,1456,1237,0.1436,0.1436,0.0838
heur3200_s3502000002_K16,late_mid,heur@3200,16,40,0.0036,structural/unclear,True,True,False,False,1433,841,725,-0.38431,-0.39368,-0.39149
greedy_s3500000048_K52,opening,greedy,52,21,0.0017,completion/score-greed,False,True,True,False,1538,1538,963,-0.18735,-0.18735,-0.19085
heur3200_s3502000024_K16,late_mid,heur@3200,16,52,0.0035,meeple-economy,True,True,False,False,1749,1657,1657,0.97783,0.97108,0.97108
hybrid_8_3200_s3503000045_K16,late_mid,hybrid:8:3200,16,38,0.0035,structural/unclear,True,True,False,False,1269,1364,648,0.3229,0.31827,0.31641
iter8_s3501000001_K10,pre_endgame,iter8,10,34,0.0035,structural/unclear,True,True,False,False,1265,1646,752,-0.43974,-0.45456,-0.45089
hybrid_8_3200_s3503000020_K52,opening,hybrid:8:3200,52,26,0.0034,structural/unclear,True,True,False,False,1036,1546,962,0.71494,0.70433,0.70366
greedy_s3500000004_K40,early_mid,greedy,40,42,0.0034,structural/unclear,True,True,False,False,1541,1449,1132,0.54659,0.54119,0.54223
iter8_s3501000014_K16,late_mid,iter8,16,44,0.0034,structural/unclear,True,True,False,False,836,947,765,-0.6635,-0.67213,-0.67115
iter8_s3501000045_K52,opening,iter8,52,22,0.0033,structural/unclear,True,True,False,False,1156,1136,953,0.67425,0.66996,0.66283
iter8_s3501000013_K40,early_mid,iter8,40,38,0.0033,structural/unclear,True,True,False,False,1168,1265,741,-0.69952,-0.70285,-0.71057
hybrid_8_3200_s3503000049_K10,pre_endgame,hybrid:8:3200,10,31,0.0033,structural/closure,True,True,False,False,1036,1343,630,-0.24853,-0.26111,-0.25619
iter8_s3501000024_K10,pre_endgame,iter8,10,35,0.0033,structural/unclear,True,True,False,False,1035,1034,1034,-0.77449,-0.77778,-0.77778
heur3200_s3502000015_K28,mid,heur@3200,28,31,0.0032,structural/unclear,True,True,False,False,1172,1231,749,-0.49624,-0.51931,-0.51823
iter8_s3501000006_K16,late_mid,iter8,16,49,0.0016,structural/unclear,False,True,True,False,751,751,1747,0.95936,0.95936,0.95758
heur3200_s3502000009_K52,opening,heur@3200,52,22,0.0031,structural/unclear,True,True,False,False,1362,1363,941,-0.48449,-0.48763,-0.59175
heur3200_s3502000049_K52,opening,heur@3200,52,31,0.0031,structural/closure,True,True,False,False,1444,1139,1359,-0.65135,-0.66347,-0.66452
hybrid_8_3200_s3503000022_K28,mid,hybrid:8:3200,28,32,0.0031,structural/unclear,True,True,False,False,936,852,741,0.41717,0.41405,0.41004
hybrid_8_3200_s3503000023_K16,late_mid,hybrid:8:3200,16,25,0.0015,structural/unclear,False,True,True,False,1435,1435,1165,-0.28002,-0.28002,-0.28267
iter8_s3501000000_K10,pre_endgame,iter8,10,52,0.0031,structural/unclear,True,True,False,False,948,1464,848,-0.87448,-0.87813,-0.87846
heur3200_s3502000042_K16,late_mid,heur@3200,16,44,0.003,structural/unclear,True,True,False,False,1025,943,754,0.43479,0.43175,0.41363
heur3200_s3502000018_K10,pre_endgame,heur@3200,10,56,0.0015,structural/unclear,False,True,True,False,1280,1280,852,-0.63564,-0.63564,-0.64323
hybrid_8_3200_s3503000000_K10,pre_endgame,hybrid:8:3200,10,52,0.003,structural/unclear,True,True,False,False,852,1228,772,-0.47594,-0.47982,-0.48135
hybrid_8_3200_s3503000011_K40,early_mid,hybrid:8:3200,40,20,0.0015,structural/unclear,False,True,True,False,964,964,848,0.76305,0.76305,0.76159
iter8_s3501000032_K40,early_mid,iter8,40,30,0.0029,structural/unclear,True,True,False,False,1468,941,746,-0.20136,-0.20779,-0.20833
iter8_s3501000029_K28,mid,iter8,28,34,0.0029,structural/closure,True,True,False,False,1441,1161,1161,-0.65931,-0.66225,-0.66225
iter8_s3501000044_K28,mid,iter8,28,26,0.0014,structural/closure,False,True,True,False,1533,1533,1434,-0.86928,-0.86928,-0.87073
greedy_s3500000034_K52,opening,greedy,52,17,0.0028,structural/unclear,True,True,False,False,1449,1338,1448,0.52116,0.47745,0.48961
greedy_s3500000011_K28,mid,greedy,28,38,0.0014,structural/unclear,False,True,True,False,1161,1161,962,-0.11484,-0.11484,-0.11622
greedy_s3500000007_K10,pre_endgame,greedy,10,58,0.0028,structural/unclear,True,True,False,False,969,948,944,-0.38395,-0.44154,-0.38679
hybrid_8_3200_s3503000034_K52,opening,hybrid:8:3200,52,30,0.0027,structural/unclear,True,True,False,False,1336,1233,1233,0.01044,0.00778,0.00778
hybrid_8_3200_s3503000014_K40,early_mid,hybrid:8:3200,40,37,0.0027,structural/unclear,True,True,False,False,1533,1435,853,-0.88243,-0.88759,-0.88988
iter8_s3501000037_K28,mid,iter8,28,36,0.0013,structural/unclear,False,True,True,False,1436,1436,836,-0.87006,-0.87006,-0.87309
heur3200_s3502000020_K16,late_mid,heur@3200,16,36,0.0027,structural/unclear,True,True,False,False,964,744,744,-0.23541,-0.23808,-0.23808
hybrid_8_3200_s3503000008_K16,late_mid,hybrid:8:3200,16,43,0.0027,structural/unclear,True,True,False,False,1660,1644,832,0.44716,0.44372,0.4438
heur3200_s3502000020_K10,pre_endgame,heur@3200,10,37,0.0013,structural/unclear,False,True,True,False,937,937,836,-0.21605,-0.21605,-0.22081
heur3200_s3502000003_K28,mid,heur@3200,28,49,0.0026,structural/unclear,True,True,False,False,847,846,846,-0.84635,-0.84893,-0.84893
hybrid_8_3200_s3503000013_K10,pre_endgame,hybrid:8:3200,10,44,0.0026,structural/unclear,True,True,False,False,1131,1179,741,-0.5728,-0.58418,-0.58413
greedy_s3500000007_K52,opening,greedy,52,29,0.0013,structural/unclear,False,True,True,False,1462,1462,1461,-0.5629,-0.5629,-0.56415
greedy_s3500000039_K52,opening,greedy,52,14,0.0025,structural/closure,True,True,False,False,1267,1343,1266,0.07908,0.06979,0.07548
heur3200_s3502000012_K52,opening,heur@3200,52,20,0.0012,meeple-economy,False,True,True,False,1455,1455,944,-0.24337,-0.24337,-0.24763
heur3200_s3502000016_K52,opening,heur@3200,52,18,0.0025,structural/unclear,True,True,False,False,1358,958,1356,-0.778,-0.79584,-0.7805
iter8_s3501000006_K28,mid,iter8,28,32,0.0025,structural/closure,True,True,False,False,1454,751,646,0.82301,0.82054,0.79053
heur3200_s3502000038_K16,late_mid,heur@3200,16,40,0.0025,structural/closure,True,True,False,False,748,841,744,0.56356,0.5611,0.55894
hybrid_8_3200_s3503000045_K28,mid,hybrid:8:3200,28,36,0.0024,completion/score-greed,True,True,False,False,750,1037,748,0.59508,0.57393,0.59272
iter8_s3501000049_K28,mid,iter8,28,52,0.0024,structural/unclear,True,True,False,False,1136,1644,840,-0.15098,-0.15706,-0.15351
iter8_s3501000027_K16,late_mid,iter8,16,27,0.0024,structural/unclear,True,True,False,False,1434,1242,1238,0.32752,0.32395,0.32514
greedy_s3500000032_K10,pre_endgame,greedy,10,47,0.0024,structural/closure,True,True,False,False,1645,1457,1326,-0.20212,-0.20449,-0.20698
iter8_s3501000048_K10,pre_endgame,iter8,10,43,0.0024,structural/unclear,True,True,False,False,741,1748,658,0.78881,0.78606,0.77835
greedy_s3500000013_K52,opening,greedy,52,31,0.0023,structural/unclear,True,True,False,False,1237,1238,744,0.56093,0.55838,0.49931
greedy_s3500000027_K52,opening,greedy,52,19,0.0023,structural/unclear,True,True,False,False,1545,1651,1544,-0.37298,-0.43428,-0.37528
hybrid_8_3200_s3503000005_K40,early_mid,hybrid:8:3200,40,26,0.0011,structural/unclear,False,True,True,False,858,858,854,0.14032,0.14032,0.13919
hybrid_8_3200_s3503000042_K40,early_mid,hybrid:8:3200,40,16,0.0023,structural/unclear,True,True,False,False,952,945,945,0.05254,0.05024,0.05024
hybrid_8_3200_s3503000032_K28,mid,hybrid:8:3200,28,34,0.0011,structural/unclear,False,True,True,False,1845,1845,1632,0.97493,0.97493,0.97367
iter8_s3501000026_K16,late_mid,iter8,16,34,0.0023,structural/unclear,True,True,False,False,1762,1531,744,-0.12804,-0.1565,-0.16623
greedy_s3500000036_K52,opening,greedy,52,27,0.0022,structural/unclear,True,True,False,False,1242,1240,840,-0.20922,-0.2132,-0.34493
heur3200_s3502000018_K28,mid,heur@3200,28,50,0.0022,structural/unclear,True,True,False,False,1450,1343,1343,0.55925,0.55702,0.55702
iter8_s3501000028_K28,mid,iter8,28,27,0.0011,structural/unclear,False,True,True,False,943,943,937,-0.7923,-0.7923,-0.79349
heur3200_s3502000035_K16,late_mid,heur@3200,16,26,0.0022,structural/unclear,True,True,False,False,863,860,860,-0.78165,-0.78389,-0.78389
hybrid_8_3200_s3503000012_K16,late_mid,hybrid:8:3200,16,50,0.0022,structural/unclear,True,True,False,False,1840,1855,641,-0.14625,-0.15242,-0.15444
heur3200_s3502000041_K52,opening,heur@3200,52,28,0.0021,structural/unclear,True,True,False,False,950,1063,1157,0.7863,0.78424,0.71122
heur3200_s3502000046_K40,early_mid,heur@3200,40,31,0.0021,structural/unclear,True,True,False,False,1360,1261,1065,0.38158,0.37947,0.37268
hybrid_8_3200_s3503000038_K52,opening,hybrid:8:3200,52,36,0.002,structural/unclear,True,True,False,False,1540,1232,953,0.6342,0.62383,0.57316
hybrid_8_3200_s3503000034_K40,early_mid,hybrid:8:3200,40,33,0.002,structural/unclear,True,True,False,False,930,1060,1230,0.77849,0.77505,0.77649
hybrid_8_3200_s3503000045_K40,early_mid,hybrid:8:3200,40,28,0.0019,structural/unclear,True,True,False,False,1041,1040,1040,0.48253,0.48067,0.48067
greedy_s3500000004_K28,mid,greedy,28,38,0.0019,structural/unclear,True,True,False,False,1348,1643,1032,0.3165,0.29525,0.30576
heur3200_s3502000030_K28,mid,heur@3200,28,33,0.0019,structural/unclear,True,True,False,False,1538,1539,1034,0.85711,0.85159,0.85365
iter8_s3501000031_K16,late_mid,iter8,16,30,0.0019,structural/closure,True,True,False,False,1439,839,839,0.54277,0.54086,0.54086
iter8_s3501000019_K10,pre_endgame,iter8,10,46,0.0009,structural/unclear,False,True,True,False,1233,1233,664,0.90114,0.90114,0.89943
hybrid_8_3200_s3503000009_K52,opening,hybrid:8:3200,52,36,0.0018,structural/unclear,True,True,False,False,1444,1556,1056,-0.31581,-0.31761,-0.38378
greedy_s3500000039_K16,late_mid,greedy,16,54,0.0009,structural/unclear,False,True,True,False,1640,1640,1177,0.64195,0.64195,0.63321
iter8_s3501000009_K16,late_mid,iter8,16,34,0.0018,structural/closure,True,True,False,False,1133,1038,1038,0.62535,0.62059,0.62059
heur3200_s3502000027_K10,pre_endgame,heur@3200,10,32,0.0018,structural/unclear,True,True,False,False,740,1368,644,0.26328,0.26147,0.26151
greedy_s3500000033_K52,opening,greedy,52,36,0.0008,structural/unclear,False,True,True,False,1440,1440,956,0.36665,0.36665,0.28292
greedy_s3500000032_K16,late_mid,greedy,16,13,0.0017,structural/unclear,True,True,False,False,1627,1670,837,-0.20289,-0.20588,-0.20533
iter8_s3501000041_K10,pre_endgame,iter8,10,30,0.0017,structural/unclear,True,True,False,False,1957,837,649,-0.04328,-0.05299,-0.05485
heur3200_s3502000045_K52,opening,heur@3200,52,17,0.0016,structural/unclear,True,True,False,False,1362,1257,1257,0.68348,0.68192,0.68192
hybrid_8_3200_s3503000044_K52,opening,hybrid:8:3200,52,21,0.0016,structural/unclear,True,True,False,False,1266,1042,1265,-0.78265,-0.84474,-0.78428
greedy_s3500000048_K40,early_mid,greedy,40,14,0.0016,structural/closure,True,True,False,False,1638,1264,760,-0.3075,-0.33192,-0.30934
heur3200_s3502000026_K40,early_mid,heur@3200,40,60,0.0016,structural/unclear,True,True,False,False,1440,944,848,-0.42901,-0.44024,-0.43682
heur3200_s3502000005_K28,mid,heur@3200,28,36,0.0016,structural/unclear,True,True,False,False,1762,1763,1648,0.63279,0.63013,0.63082
greedy_s3500000018_K16,late_mid,greedy,16,36,0.0016,meeple-economy,True,True,False,False,1341,1840,648,-0.2267,-0.24897,-0.24474
hybrid_8_3200_s3503000015_K52,opening,hybrid:8:3200,52,13,0.0007,structural/unclear,False,True,True,False,1750,1750,952,-0.13538,-0.13538,-0.14309
iter8_s3501000018_K52,opening,iter8,52,17,0.0015,structural/unclear,True,True,False,False,1456,1158,941,-0.29729,-0.30149,-0.29912
greedy_s3500000022_K40,early_mid,greedy,40,15,0.0015,structural/unclear,True,True,False,False,1267,1136,1136,0.85683,0.85522,0.85522
greedy_s3500000047_K40,early_mid,greedy,40,41,0.0015,structural/unclear,True,True,False,False,856,1265,744,-0.62323,-0.69916,-0.63147
heur3200_s3502000048_K28,mid,heur@3200,28,48,0.0015,structural/unclear,True,True,False,False,836,852,752,-0.84717,-0.85115,-0.85099
hybrid_8_3200_s3503000025_K28,mid,hybrid:8:3200,28,40,0.0015,structural/unclear,True,True,False,False,748,936,548,0.59421,0.59077,0.59225
iter8_s3501000014_K28,mid,iter8,28,36,0.0015,structural/unclear,True,True,False,False,1649,965,836,-0.33461,-0.34191,-0.34096
hybrid_8_3200_s3503000026_K10,pre_endgame,hybrid:8:3200,10,51,0.0015,structural/unclear,True,True,False,False,1557,1663,961,0.74325,0.71923,0.70701
heur3200_s3502000030_K40,early_mid,heur@3200,40,30,0.0007,structural/unclear,False,True,True,False,1336,1336,1236,0.94422,0.94422,0.94319
iter8_s3501000031_K40,early_mid,iter8,40,33,0.0014,structural/unclear,True,True,False,False,1461,1462,1161,-0.31702,-0.31845,-0.32682
iter8_s3501000022_K16,late_mid,iter8,16,33,0.0007,structural/closure,False,True,True,False,1658,1658,1657,0.8357,0.8357,0.833
greedy_s3500000043_K10,pre_endgame,greedy,10,35,0.0007,completion/score-greed,False,True,True,False,1268,1268,644,-0.15199,-0.15199,-0.17166
iter8_s3501000005_K10,pre_endgame,iter8,10,60,0.0014,meeple-economy,True,True,False,False,1661,963,963,0.78863,0.78725,0.78725
iter8_s3501000027_K10,pre_endgame,iter8,10,42,0.0014,structural/unclear,True,True,False,False,1753,629,629,0.43686,0.42731,0.42731
greedy_s3500000045_K28,mid,greedy,28,30,0.0006,structural/unclear,False,True,True,False,1749,1749,1640,0.78007,0.78007,0.77944
heur3200_s3502000022_K28,mid,heur@3200,28,37,0.0013,structural/closure,True,True,False,False,940,1063,650,-0.00614,-0.05547,-0.00876
iter8_s3501000042_K28,mid,iter8,28,40,0.0013,structural/unclear,True,True,False,False,1128,1645,653,0.53995,0.53158,0.53852
greedy_s3500000047_K16,late_mid,greedy,16,33,0.0013,structural/unclear,True,True,False,False,757,740,740,-0.88356,-0.88486,-0.88486
iter8_s3501000021_K16,late_mid,iter8,16,52,0.0007,structural/unclear,False,True,True,False,1628,1628,956,0.68945,0.68945,0.68878
iter8_s3501000014_K10,pre_endgame,iter8,10,41,0.0013,bag/scarcity,True,True,False,False,1026,1563,837,-0.68957,-0.70042,-0.69087
greedy_s3500000023_K52,opening,greedy,52,39,0.0012,structural/closure,True,True,False,False,1238,1043,1043,0.90139,0.90019,0.90019
iter8_s3501000001_K40,early_mid,iter8,40,31,0.0006,structural/unclear,False,True,True,False,1361,1361,744,-0.12349,-0.12349,-0.16732
greedy_s3500000037_K28,mid,greedy,28,64,0.0006,structural/unclear,False,True,True,False,1640,1640,736,0.39182,0.39182,0.39121
heur3200_s3502000044_K28,mid,heur@3200,28,42,0.0012,structural/closure,True,True,False,False,936,1236,841,0.40998,0.4064,0.40264
hybrid_8_3200_s3503000039_K28,mid,hybrid:8:3200,28,26,0.0012,structural/unclear,True,True,False,False,1854,747,1557,0.90174,0.89027,0.89863
iter8_s3501000023_K28,mid,iter8,28,24,0.0006,structural/unclear,False,True,True,False,956,956,841,-0.9722,-0.9722,-0.97329
iter8_s3501000025_K28,mid,iter8,28,33,0.0012,structural/unclear,True,True,False,False,1843,1842,1841,0.34062,0.33793,0.33941
iter8_s3501000041_K28,mid,iter8,28,32,0.0012,structural/unclear,True,True,False,False,1561,1743,649,0.20399,0.2015,0.19908
heur3200_s3502000016_K16,late_mid,heur@3200,16,35,0.0012,structural/unclear,True,True,False,False,1661,1532,1264,-0.02908,-0.03516,-0.05389
hybrid_8_3200_s3503000031_K16,late_mid,hybrid:8:3200,16,44,0.0006,structural/unclear,False,True,True,False,1065,1065,844,0.96544,0.96544,0.96482
heur3200_s3502000002_K52,opening,heur@3200,52,22,0.0005,meeple-economy,False,True,True,False,1063,1063,952,-0.13464,-0.13464,-0.1395
hybrid_8_3200_s3503000002_K52,opening,hybrid:8:3200,52,24,0.0011,structural/unclear,True,True,False,False,1042,1041,1041,0.62863,0.62753,0.62753
hybrid_8_3200_s3503000041_K40,early_mid,hybrid:8:3200,40,30,0.0006,structural/unclear,False,True,True,False,1648,1648,1160,0.75709,0.75709,0.75617
greedy_s3500000047_K28,mid,greedy,28,47,0.0011,structural/unclear,True,True,False,False,957,1568,753,-0.94101,-0.94939,-0.94286
hybrid_8_3200_s3503000014_K28,mid,hybrid:8:3200,28,29,0.0011,structural/unclear,True,True,False,False,1653,1660,1652,-0.75692,-0.758,-0.76058
iter8_s3501000015_K28,mid,iter8,28,24,0.0011,structural/unclear,True,True,False,False,1447,1163,1163,-0.50164,-0.50345,-0.50345
iter8_s3501000002_K16,late_mid,iter8,16,35,0.0011,structural/unclear,True,True,False,False,1758,1757,1661,-0.43201,-0.43316,-0.43928
greedy_s3500000019_K10,pre_endgame,greedy,10,68,0.0011,structural/unclear,True,True,False,False,1173,1435,640,0.48754,0.48061,0.47015
hybrid_8_3200_s3503000004_K10,pre_endgame,hybrid:8:3200,10,26,0.0011,structural/closure,True,True,False,False,1537,1433,761,-0.0319,-0.0441,-0.0717
iter8_s3501000007_K10,pre_endgame,iter8,10,35,0.0005,structural/unclear,False,True,True,False,1335,1335,1334,0.87164,0.87164,0.87111
iter8_s3501000049_K10,pre_endgame,iter8,10,30,0.0011,meeple-economy,True,True,False,False,854,847,844,-0.4406,-0.44263,-0.44174
greedy_s3500000016_K40,early_mid,greedy,40,37,0.001,structural/closure,True,True,False,False,1543,1752,1541,0.93937,0.93715,0.93771
hybrid_8_3200_s3503000000_K40,early_mid,hybrid:8:3200,40,18,0.001,structural/unclear,True,True,False,False,863,861,846,0.20327,0.20205,0.16231
iter8_s3501000043_K40,early_mid,iter8,40,28,0.001,structural/unclear,True,True,False,False,1645,1647,846,0.0315,0.03048,-0.03692
heur3200_s3502000015_K16,late_mid,heur@3200,16,44,0.001,structural/unclear,True,True,False,False,1367,1365,848,-0.65548,-0.65645,-0.65862
heur3200_s3502000022_K16,late_mid,heur@3200,16,29,0.001,structural/unclear,True,True,False,False,1838,1268,756,-0.53209,-0.53484,-0.53528
hybrid_8_3200_s3503000006_K16,late_mid,hybrid:8:3200,16,22,0.001,structural/closure,True,True,False,False,1273,1741,939,0.88531,0.87846,0.88426
iter8_s3501000045_K16,late_mid,iter8,16,38,0.001,structural/unclear,True,True,False,False,1572,829,628,0.24377,0.23717,0.2428
greedy_s3500000040_K10,pre_endgame,greedy,10,51,0.001,structural/unclear,True,True,False,False,1954,1953,1953,0.06376,0.06276,0.06276
iter8_s3501000014_K52,opening,iter8,52,21,0.0009,structural/unclear,True,True,False,False,1167,1164,941,-0.26938,-0.27025,-0.28011
hybrid_8_3200_s3503000029_K40,early_mid,hybrid:8:3200,40,23,0.0009,structural/closure,True,True,False,False,1370,1452,946,0.66832,0.66737,0.66113
iter8_s3501000035_K40,early_mid,iter8,40,14,0.0009,structural/unclear,True,True,False,False,753,754,1060,-0.58252,-0.58372,-0.58967
iter8_s3501000041_K40,early_mid,iter8,40,28,0.0009,structural/unclear,True,True,False,False,1554,1455,644,0.68398,0.6825,0.68188
heur3200_s3502000033_K28,mid,heur@3200,28,33,0.0009,structural/unclear,True,True,False,False,1434,1432,1432,-0.33987,-0.34515,-0.34515
iter8_s3501000013_K28,mid,iter8,28,28,0.0009,structural/unclear,True,True,False,False,862,861,736,-0.6242,-0.62746,-0.62831
greedy_s3500000041_K16,late_mid,greedy,16,48,0.0009,structural/unclear,True,True,False,False,1024,1332,756,-0.71189,-0.7135,-0.71347
greedy_s3500000043_K16,late_mid,greedy,16,42,0.0009,structural/unclear,True,True,False,False,1752,1133,642,0.57168,0.56243,0.57077
heur3200_s3502000044_K16,late_mid,heur@3200,16,34,0.0009,structural/unclear,True,True,False,False,1453,1121,644,0.69153,0.68926,0.68798
hybrid_8_3200_s3503000005_K10,pre_endgame,hybrid:8:3200,10,50,0.0009,structural/unclear,True,True,False,False,1765,837,644,0.38296,0.37945,0.38125
iter8_s3501000019_K52,opening,iter8,52,18,0.0008,immediate-score,True,True,False,False,1450,957,956,-0.7499,-0.75299,-0.75265
iter8_s3501000036_K52,opening,iter8,52,27,0.0004,structural/unclear,False,True,True,False,948,948,943,0.61292,0.61292,0.61254
heur3200_s3502000045_K40,early_mid,heur@3200,40,24,0.0008,structural/unclear,True,True,False,False,1366,1263,1263,0.61697,0.61597,0.61597
iter8_s3501000012_K40,early_mid,iter8,40,30,0.0008,meeple-economy,True,True,False,False,1545,1237,1237,-0.84367,-0.84562,-0.84562
iter8_s3501000014_K40,early_mid,iter8,40,25,0.0008,structural/unclear,True,True,False,False,963,1439,836,-0.38533,-0.3911,-0.39193
greedy_s3500000036_K28,mid,greedy,28,59,0.0008,meeple-economy,True,True,False,False,641,1536,1536,-0.64389,-0.70024,-0.70024
heur3200_s3502000009_K28,mid,heur@3200,28,28,0.0008,structural/unclear,True,True,False,False,1264,1564,841,-0.13358,-0.14034,-0.13438
hybrid_8_3200_s3503000028_K28,mid,hybrid:8:3200,28,33,0.0004,structural/unclear,False,True,True,False,1142,1142,944,0.23763,0.23763,0.23723
hybrid_8_3200_s3503000009_K16,late_mid,hybrid:8:3200,16,49,0.0008,structural/unclear,True,True,False,False,1960,759,660,-0.76331,-0.76573,-0.76573
hybrid_8_3200_s3503000044_K16,late_mid,hybrid:8:3200,16,23,0.0008,structural/closure,True,True,False,False,656,1941,650,-0.98158,-0.98245,-0.98264
greedy_s3500000003_K10,pre_endgame,greedy,10,12,0.0004,structural/unclear,False,True,True,False,1464,1464,1120,0.92355,0.92355,0.92313
hybrid_8_3200_s3503000006_K10,pre_endgame,hybrid:8:3200,10,41,0.0008,structural/unclear,True,True,False,False,1335,1633,741,0.88047,0.87652,0.87827
iter8_s3501000035_K10,pre_endgame,iter8,10,40,0.0008,structural/closure,True,True,False,False,1429,1844,824,-0.58102,-0.58351,-0.58272
hybrid_8_3200_s3503000049_K52,opening,hybrid:8:3200,52,28,0.0007,structural/unclear,True,True,False,False,1032,1448,948,0.34008,0.3394,0.29495
heur3200_s3502000000_K40,early_mid,heur@3200,40,22,0.0007,structural/unclear,True,True,False,False,1736,1653,855,-0.44592,-0.44736,-0.44767
hybrid_8_3200_s3503000019_K40,early_mid,hybrid:8:3200,40,19,0.0007,structural/unclear,True,True,False,False,1034,1032,1032,0.48901,0.48809,0.48809
iter8_s3501000009_K40,early_mid,iter8,40,28,0.0007,structural/unclear,True,True,False,False,1657,1353,1353,0.31705,0.31635,0.31635
greedy_s3500000016_K28,mid,greedy,28,24,0.0003,structural/unclear,False,True,True,False,1259,1259,1052,0.9533,0.9533,0.9528
greedy_s3500000039_K28,mid,greedy,28,32,0.0007,structural/closure,True,True,False,False,1748,1263,1160,0.53485,0.53077,0.53079
heur3200_s3502000046_K28,mid,heur@3200,28,39,0.0007,structural/unclear,True,True,False,False,1542,1561,1541,0.31939,0.27293,0.31867
hybrid_8_3200_s3503000002_K28,mid,hybrid:8:3200,28,30,0.0007,structural/unclear,True,True,False,False,1654,1135,739,0.83192,0.8293,0.82644
greedy_s3500000016_K16,late_mid,greedy,16,41,0.0007,structural/unclear,True,True,False,False,1530,735,734,0.93155,0.9276,0.92553
iter8_s3501000040_K16,late_mid,iter8,16,25,0.0007,structural/unclear,True,True,False,False,1570,1571,1568,0.91031,0.90965,0.90965
hybrid_8_3200_s3503000021_K10,pre_endgame,hybrid:8:3200,10,34,0.0007,bag/scarcity,True,True,False,False,1476,1078,1074,0.62964,0.62619,0.62528
greedy_s3500000011_K52,opening,greedy,52,16,0.0006,completion/score-greed,True,True,False,False,1465,1551,1464,0.13651,0.07187,0.13595
greedy_s3500000037_K40,early_mid,greedy,40,36,0.0003,structural/unclear,False,True,True,False,1336,1336,932,0.66498,0.66498,0.66466
iter8_s3501000046_K40,early_mid,iter8,40,30,0.0006,structural/unclear,True,True,False,False,849,965,756,-0.84239,-0.84449,-0.84399
greedy_s3500000040_K28,mid,greedy,28,39,0.0006,structural/closure,True,True,False,False,1567,1756,1463,0.23426,0.20018,0.226
greedy_s3500000049_K28,mid,greedy,28,32,0.0006,structural/unclear,True,True,False,False,1557,1651,852,0.94979,0.94883,0.94828
heur3200_s3502000008_K28,mid,heur@3200,28,27,0.0006,meeple-economy,True,True,False,False,1030,1145,745,-0.95395,-0.95734,-0.95499
heur3200_s3502000029_K28,mid,heur@3200,28,31,0.0006,structural/closure,True,True,False,False,1647,1643,1640,-0.29812,-0.29876,-0.30217
heur3200_s3502000031_K28,mid,heur@3200,28,51,0.0006,structural/unclear,True,True,False,False,1271,1162,1158,0.66404,0.66288,0.66116
hybrid_8_3200_s3503000003_K28,mid,hybrid:8:3200,28,28,0.0006,structural/unclear,True,True,False,False,1744,1660,740,-0.37783,-0.37881,-0.38196
hybrid_8_3200_s3503000023_K28,mid,hybrid:8:3200,28,32,0.0006,structural/unclear,True,True,False,False,840,1748,744,-0.27877,-0.28554,-0.28388
hybrid_8_3200_s3503000036_K28,mid,hybrid:8:3200,28,20,0.0006,structural/unclear,True,True,False,False,1640,1432,1164,0.66607,0.66527,0.63606
iter8_s3501000017_K28,mid,iter8,28,23,0.0006,structural/closure,True,True,False,False,1655,1535,1535,0.93263,0.93204,0.93204
greedy_s3500000000_K16,late_mid,greedy,16,55,0.0006,structural/closure,True,True,False,False,939,1166,1161,-0.82518,-0.83291,-0.8322
greedy_s3500000022_K16,late_mid,greedy,16,12,0.0006,meeple-economy,True,True,False,False,1747,1270,1270,0.70506,0.70237,0.70237
hybrid_8_3200_s3503000036_K16,late_mid,hybrid:8:3200,16,34,0.0003,structural/unclear,False,True,True,False,1856,1856,657,0.8529,0.8529,0.8523
hybrid_8_3200_s3503000039_K16,late_mid,hybrid:8:3200,16,39,0.0003,structural/unclear,False,True,True,False,1661,1661,1660,0.8998,0.8998,0.89951
iter8_s3501000008_K16,late_mid,iter8,16,28,0.0006,structural/unclear,True,True,False,False,1668,1572,1024,-0.48121,-0.48332,-0.49448
greedy_s3500000024_K10,pre_endgame,greedy,10,68,0.0006,structural/unclear,True,True,False,False,1748,1052,552,0.74109,0.74052,0.73717
greedy_s3500000041_K10,pre_endgame,greedy,10,12,0.0006,structural/unclear,True,True,False,False,1632,1468,1468,-0.91997,-0.92055,-0.92055
heur3200_s3502000023_K10,pre_endgame,heur@3200,10,36,0.0006,structural/unclear,True,True,False,False,1743,1227,841,-0.68518,-0.68998,-0.68576
hybrid_8_3200_s3503000019_K10,pre_endgame,hybrid:8:3200,10,46,0.0006,structural/unclear,True,True,False,False,856,1566,841,0.9458,0.94349,0.9403
hybrid_8_3200_s3503000034_K10,pre_endgame,hybrid:8:3200,10,40,0.0006,structural/unclear,True,True,False,False,1070,836,967,0.73137,0.70037,0.70963
hybrid_8_3200_s3503000043_K10,pre_endgame,hybrid:8:3200,10,30,0.0003,structural/unclear,False,True,True,False,1637,1637,852,0.96829,0.96829,0.96708
iter8_s3501000021_K10,pre_endgame,iter8,10,54,0.0006,structural/unclear,True,True,False,False,1828,956,956,0.66904,0.66847,0.66847
iter8_s3501000029_K10,pre_endgame,iter8,10,54,0.0006,structural/unclear,True,True,False,False,1573,1441,645,-0.84933,-0.85181,-0.85086
heur3200_s3502000021_K52,opening,heur@3200,52,24,0.0002,structural/unclear,False,True,True,False,1364,1364,1271,0.53483,0.53483,0.53459
iter8_s3501000048_K52,opening,iter8,52,17,0.0005,structural/closure,True,True,False,False,1356,1359,856,0.87167,0.87117,0.85969
heur3200_s3502000047_K28,mid,heur@3200,28,33,0.0005,structural/unclear,True,True,False,False,1368,1652,646,0.43154,0.43104,0.42568
hybrid_8_3200_s3503000041_K28,mid,hybrid:8:3200,28,24,0.0005,structural/closure,True,True,False,False,1852,1460,653,0.78334,0.7819,0.78176
iter8_s3501000011_K28,mid,iter8,28,28,0.0005,structural/unclear,True,True,False,False,1124,1324,840,0.72145,0.72098,0.69416
heur3200_s3502000019_K16,late_mid,heur@3200,16,24,0.0003,structural/unclear,False,True,True,False,1657,1657,1564,0.97599,0.97599,0.97573
hybrid_8_3200_s3503000003_K16,late_mid,hybrid:8:3200,16,40,0.0005,structural/closure,True,True,False,False,1745,1852,644,-0.764,-0.76464,-0.76466
hybrid_8_3200_s3503000035_K16,late_mid,hybrid:8:3200,16,38,0.0005,structural/unclear,True,True,False,False,752,1564,633,0.53836,0.53547,0.53463
hybrid_8_3200_s3503000042_K16,late_mid,hybrid:8:3200,16,30,0.0005,structural/unclear,True,True,False,False,853,847,845,0.24897,0.24348,0.24846
iter8_s3501000011_K16,late_mid,iter8,16,26,0.0005,structural/unclear,True,True,False,False,1218,1217,1216,0.77998,0.77929,0.77946
greedy_s3500000037_K10,pre_endgame,greedy,10,38,0.0005,structural/unclear,True,True,False,False,1069,761,652,0.64681,0.64274,0.64366
hybrid_8_3200_s3503000012_K10,pre_endgame,hybrid:8:3200,10,44,0.0005,structural/closure,True,True,False,False,1741,1332,1332,0.72661,0.7235,0.7235
iter8_s3501000044_K10,pre_endgame,iter8,10,34,0.0005,structural/closure,True,True,False,False,1850,1169,835,-0.85153,-0.85201,-0.85289
heur3200_s3502000010_K52,opening,heur@3200,52,23,0.0004,structural/unclear,True,True,False,False,1343,1342,1046,-0.70775,-0.70865,-0.70817
iter8_s3501000023_K52,opening,iter8,52,17,0.0004,structural/unclear,True,True,False,False,1444,1232,952,-0.87604,-0.87646,-0.8789
greedy_s3500000001_K40,early_mid,greedy,40,24,0.0004,structural/unclear,True,True,False,False,1173,852,852,-0.46871,-0.4691,-0.4691
greedy_s3500000002_K40,early_mid,greedy,40,47,0.0004,structural/unclear,True,True,False,False,1753,1147,868,-0.15517,-0.31727,-0.42534
heur3200_s3502000023_K40,early_mid,heur@3200,40,33,0.0004,meeple-economy,True,True,False,False,1145,1063,1063,-0.53741,-0.53824,-0.53824
iter8_s3501000037_K40,early_mid,iter8,40,24,0.0004,structural/closure,True,True,False,False,933,1753,854,-0.19818,-0.20191,-0.20474
greedy_s3500000010_K16,late_mid,greedy,16,40,0.0004,structural/unclear,True,True,False,False,1451,1269,741,-0.88877,-0.88918,-0.89128
greedy_s3500000026_K16,late_mid,greedy,16,50,0.0004,structural/unclear,True,True,False,False,945,644,644,-0.83045,-0.83088,-0.83088
heur3200_s3502000037_K16,late_mid,heur@3200,16,30,0.0004,structural/closure,True,True,False,False,749,930,748,0.83856,0.8354,0.83582
hybrid_8_3200_s3503000014_K16,late_mid,hybrid:8:3200,16,37,0.0002,structural/unclear,False,True,True,False,866,866,862,-0.83484,-0.83484,-0.83502
hybrid_8_3200_s3503000018_K16,late_mid,hybrid:8:3200,16,22,0.0004,structural/unclear,True,True,False,False,862,860,860,-0.20295,-0.20713,-0.20713
hybrid_8_3200_s3503000028_K16,late_mid,hybrid:8:3200,16,21,0.0004,structural/unclear,True,True,False,False,1760,1481,1128,-0.06394,-0.06609,-0.07005
hybrid_8_3200_s3503000034_K16,late_mid,hybrid:8:3200,16,29,0.0004,structural/closure,True,True,False,False,1575,1545,752,0.78863,0.7874,0.7882
iter8_s3501000024_K16,late_mid,iter8,16,24,0.0004,structural/unclear,True,True,False,False,1559,1263,1032,-0.58728,-0.58771,-0.59256
hybrid_8_3200_s3503000031_K10,pre_endgame,hybrid:8:3200,10,35,0.0004,structural/unclear,True,True,False,False,849,848,848,0.97612,0.97569,0.97569
iter8_s3501000043_K10,pre_endgame,iter8,10,38,0.0004,structural/unclear,True,True,False,False,861,957,645,0.77695,0.77659,0.74542
hybrid_8_3200_s3503000017_K52,opening,hybrid:8:3200,52,23,0.0003,structural/unclear,True,True,False,False,1541,945,945,-0.81498,-0.81933,-0.81933
greedy_s3500000049_K40,early_mid,greedy,40,26,0.0002,structural/closure,False,True,True,False,1536,1536,852,0.80948,0.80948,0.80445
heur3200_s3502000022_K40,early_mid,heur@3200,40,12,0.0002,structural/unclear,False,True,True,False,1032,1032,936,-0.8178,-0.8178,-0.81796
hybrid_8_3200_s3503000044_K40,early_mid,hybrid:8:3200,40,37,0.0003,structural/unclear,True,True,False,False,1264,1265,944,-0.93933,-0.94023,-0.94038
iter8_s3501000003_K40,early_mid,iter8,40,22,0.0003,structural/unclear,True,True,False,False,850,849,849,0.69938,0.6991,0.6991
heur3200_s3502000025_K28,mid,heur@3200,28,57,0.0003,structural/unclear,True,True,False,False,1753,753,752,-0.85216,-0.85245,-0.85278
heur3200_s3502000049_K28,mid,heur@3200,28,32,0.0003,structural/unclear,True,True,False,False,1428,949,949,-0.79616,-0.79649,-0.79649
iter8_s3501000003_K28,mid,iter8,28,33,0.0003,structural/unclear,True,True,False,False,1755,1760,1441,0.77295,0.76912,0.76358
iter8_s3501000033_K28,mid,iter8,28,33,0.0003,structural/unclear,True,True,False,False,943,942,942,-0.95773,-0.95806,-0.95806
greedy_s3500000012_K16,late_mid,greedy,16,42,0.0003,structural/unclear,True,True,False,False,1364,749,1360,-0.49761,-0.5341,-0.49803
hybrid_8_3200_s3503000015_K16,late_mid,hybrid:8:3200,16,42,0.0003,structural/unclear,True,True,False,False,1565,836,741,0.92155,0.92047,0.92059
hybrid_8_3200_s3503000026_K16,late_mid,hybrid:8:3200,16,64,0.0003,structural/unclear,True,True,False,False,1852,1124,740,0.7568,0.75381,0.75568
hybrid_8_3200_s3503000040_K16,late_mid,hybrid:8:3200,16,20,0.0003,structural/unclear,True,True,False,False,1436,1540,960,0.85656,0.85623,0.85623
heur3200_s3502000002_K10,pre_endgame,heur@3200,10,28,0.0003,structural/closure,True,True,False,False,1227,1482,727,-0.83904,-0.84327,-0.84073
heur3200_s3502000030_K10,pre_endgame,heur@3200,10,15,0.0003,structural/unclear,True,True,False,False,1950,1065,732,0.12622,0.12468,0.12115
hybrid_8_3200_s3503000033_K10,pre_endgame,hybrid:8:3200,10,31,0.0003,structural/unclear,True,True,False,False,1170,1635,848,-0.91162,-0.91192,-0.92544
iter8_s3501000013_K10,pre_endgame,iter8,10,33,0.0002,structural/unclear,False,True,True,False,867,867,866,-0.53903,-0.53903,-0.5392
iter8_s3501000016_K10,pre_endgame,iter8,10,34,0.0003,structural/unclear,True,True,False,False,1133,1062,741,0.83017,0.81627,0.82954
greedy_s3500000024_K52,opening,greedy,52,31,0.0002,meeple-economy,True,True,False,False,1345,1461,1461,0.69965,0.67531,0.67531
hybrid_8_3200_s3503000014_K52,opening,hybrid:8:3200,52,22,0.0002,structural/unclear,True,True,False,False,1337,1160,849,-0.58826,-0.5925,-0.59073
iter8_s3501000033_K52,opening,iter8,52,20,0.0002,structural/unclear,True,True,False,False,963,845,845,-0.59323,-0.59439,-0.59439
greedy_s3500000023_K40,early_mid,greedy,40,36,0.0002,structural/unclear,True,True,False,False,1443,1442,1341,0.91288,0.91263,0.91218
greedy_s3500000025_K40,early_mid,greedy,40,46,0.0002,structural/unclear,True,True,False,False,935,932,1138,0.89845,0.89829,0.89797
heur3200_s3502000003_K40,early_mid,heur@3200,40,18,0.0002,structural/closure,True,True,False,False,1467,1648,1464,-0.72083,-0.74946,-0.72103
heur3200_s3502000009_K40,early_mid,heur@3200,40,32,0.0002,structural/unclear,True,True,False,False,1136,1064,1036,-0.3935,-0.39461,-0.40338
hybrid_8_3200_s3503000010_K40,early_mid,hybrid:8:3200,40,40,0.0002,structural/unclear,True,True,False,False,1464,840,840,-0.08662,-0.09017,-0.09017
hybrid_8_3200_s3503000021_K40,early_mid,hybrid:8:3200,40,32,0.0002,structural/unclear,True,True,False,False,961,1049,737,0.51863,0.5116,0.48026
iter8_s3501000023_K40,early_mid,iter8,40,20,0.0002,structural/unclear,True,True,False,False,1655,1328,853,-0.9801,-0.98066,-0.98048
iter8_s3501000044_K40,early_mid,iter8,40,17,0.0002,structural/unclear,True,True,False,False,1367,1366,1364,-0.87948,-0.87983,-0.87969
greedy_s3500000017_K28,mid,greedy,28,53,0.0002,structural/unclear,True,True,False,False,1261,1360,736,-0.95883,-0.95904,-0.95904
greedy_s3500000023_K28,mid,greedy,28,22,0.0001,structural/unclear,False,True,True,False,938,938,934,0.98149,0.98149,0.98137
heur3200_s3502000017_K28,mid,heur@3200,28,26,0.0002,structural/unclear,True,True,False,False,1667,1666,1264,0.86422,0.86404,0.83635
hybrid_8_3200_s3503000000_K28,mid,hybrid:8:3200,28,36,0.0001,structural/unclear,False,True,True,False,849,849,848,-0.32669,-0.32669,-0.3268
hybrid_8_3200_s3503000004_K28,mid,hybrid:8:3200,28,14,0.0002,structural/closure,True,True,False,False,1334,1538,748,0.53496,0.52648,0.51942
hybrid_8_3200_s3503000018_K28,mid,hybrid:8:3200,28,48,0.0001,structural/unclear,False,True,True,False,1132,1132,932,0.80883,0.80883,0.80875
hybrid_8_3200_s3503000044_K28,mid,hybrid:8:3200,28,34,0.0002,structural/unclear,True,True,False,False,1369,1334,1557,-0.96986,-0.97031,-0.97298
heur3200_s3502000023_K16,late_mid,heur@3200,16,34,0.0002,structural/unclear,True,True,False,False,1745,1848,760,-0.6299,-0.63173,-0.63013
greedy_s3500000033_K10,pre_endgame,greedy,10,23,0.0002,structural/unclear,True,True,False,False,927,926,737,0.38277,0.38159,0.3333
heur3200_s3502000001_K10,pre_endgame,heur@3200,10,40,0.0002,structural/unclear,True,True,False,False,1464,1744,869,0.967,0.96682,0.96516
hybrid_8_3200_s3503000038_K10,pre_endgame,hybrid:8:3200,10,41,0.0002,structural/unclear,True,True,False,False,1530,1558,758,0.98531,0.98436,0.9833
iter8_s3501000028_K52,opening,iter8,52,24,0.0001,completion/score-greed,True,True,False,False,1546,1452,1232,-0.69439,-0.72954,-0.70433
hybrid_8_3200_s3503000032_K40,early_mid,hybrid:8:3200,40,27,0.0001,structural/unclear,True,True,False,False,1741,1740,1256,0.88564,0.88456,0.88535
iter8_s3501000015_K40,early_mid,iter8,40,34,0.0001,structural/unclear,True,True,False,False,1271,1464,936,0.14706,0.14185,0.14389
iter8_s3501000020_K40,early_mid,iter8,40,22,0.0001,structural/closure,True,True,False,False,1168,854,749,-0.2145,-0.24091,-0.23762
greedy_s3500000026_K28,mid,greedy,28,28,0.0001,structural/closure,True,True,False,False,857,1567,652,-0.94141,-0.9467,-0.94175
greedy_s3500000044_K28,mid,greedy,28,88,0.0001,structural/unclear,True,True,False,False,1540,1676,832,-0.49752,-0.50051,-0.50115
heur3200_s3502000039_K28,mid,heur@3200,28,32,0.0001,structural/unclear,True,True,False,False,756,752,752,0.21547,0.21513,0.21513
heur3200_s3502000043_K28,mid,heur@3200,28,27,0.0001,structural/closure,True,True,False,False,1660,1663,1566,-0.65949,-0.66395,-0.65958
hybrid_8_3200_s3503000027_K28,mid,hybrid:8:3200,28,31,0.0001,structural/unclear,True,True,False,False,1744,1365,830,-0.99138,-0.99157,-0.9916
iter8_s3501000018_K28,mid,iter8,28,15,0.0001,structural/unclear,True,True,False,False,832,1226,748,-0.85283,-0.85357,-0.85381
iter8_s3501000032_K28,mid,iter8,28,40,0.0001,structural/unclear,True,True,False,False,1448,1540,640,-0.76262,-0.76716,-0.76277
greedy_s3500000023_K16,late_mid,greedy,16,54,0.0001,structural/unclear,True,True,False,False,1226,834,745,0.98897,0.98885,0.98872
heur3200_s3502000001_K16,late_mid,heur@3200,16,30,0.0001,structural/closure,True,True,False,False,839,853,838,0.97445,0.97433,0.97417
heur3200_s3502000043_K16,late_mid,heur@3200,16,44,0.0001,structural/unclear,True,True,False,False,1264,1033,736,-0.87722,-0.87742,-0.87801
hybrid_8_3200_s3503000001_K16,late_mid,hybrid:8:3200,16,34,0.0001,meeple-economy,True,True,False,False,1657,1741,1368,0.95395,0.95371,0.95371
hybrid_8_3200_s3503000017_K16,late_mid,hybrid:8:3200,16,16,0.0001,structural/unclear,True,True,False,False,1656,1464,1464,-0.39343,-0.39349,-0.39349
hybrid_8_3200_s3503000024_K16,late_mid,hybrid:8:3200,16,88,0.0001,structural/unclear,True,True,False,False,1632,1128,756,0.29867,0.29142,0.29856
hybrid_8_3200_s3503000032_K16,late_mid,hybrid:8:3200,16,33,0.0001,structural/unclear,True,True,False,False,1137,1041,544,0.98608,0.98574,0.98557
iter8_s3501000000_K16,late_mid,iter8,16,32,0.0001,structural/closure,True,True,False,False,1338,825,754,-0.58115,-0.59674,-0.58413
iter8_s3501000025_K16,late_mid,iter8,16,16,0.0,structural/closure,False,True,True,False,1844,1844,660,0.90267,0.90267,0.90251
greedy_s3500000018_K10,pre_endgame,greedy,10,51,0.0001,meeple-economy,True,True,False,False,1440,1943,836,-0.69938,-0.70002,-0.69997
greedy_s3500000042_K10,pre_endgame,greedy,10,25,0.0001,meeple-economy,True,True,False,False,1268,656,544,-0.94837,-0.95347,-0.94851
heur3200_s3502000007_K10,pre_endgame,heur@3200,10,34,0.0001,structural/unclear,True,True,False,False,1648,1644,644,0.97983,0.97968,0.97937
hybrid_8_3200_s3503000044_K10,pre_endgame,hybrid:8:3200,10,33,0.0001,structural/closure,True,True,False,False,767,660,654,-0.99145,-0.99159,-0.99162
hybrid_8_3200_s3503000045_K10,pre_endgame,hybrid:8:3200,10,67,0.0001,structural/unclear,True,True,False,False,841,651,645,0.26541,0.26287,0.26287
iter8_s3501000028_K10,pre_endgame,iter8,10,72,0.0001,structural/unclear,True,True,False,False,1632,1840,740,-0.98032,-0.98043,-0.9805
iter8_s3501000042_K10,pre_endgame,iter8,10,53,0.0001,structural/unclear,True,True,False,False,1367,1325,1028,0.98556,0.9852,0.98441
hybrid_8_3200_s3503000037_K52,opening,hybrid:8:3200,52,33,0.0,structural/unclear,True,True,False,False,1551,1459,1061,0.14685,0.14578,0.1031
greedy_s3500000000_K40,early_mid,greedy,40,20,0.0,structural/unclear,False,True,True,False,1369,1369,1264,0.13306,0.13306,0.13305
greedy_s3500000017_K40,early_mid,greedy,40,29,0.0,structural/unclear,True,True,False,False,1651,1648,1648,-0.95937,-0.9594,-0.9594
heur3200_s3502000007_K40,early_mid,heur@3200,40,29,0.0,structural/unclear,True,True,False,False,1558,1328,940,0.84887,0.84171,0.82786
heur3200_s3502000027_K40,early_mid,heur@3200,40,38,0.0,structural/unclear,True,True,False,False,1645,966,840,-0.26262,-0.26336,-0.2648
hybrid_8_3200_s3503000006_K40,early_mid,hybrid:8:3200,40,16,0.0,structural/closure,True,True,False,False,1039,852,848,0.99316,0.99269,0.99272
iter8_s3501000025_K40,early_mid,iter8,40,23,0.0,structural/unclear,True,True,False,False,1361,1067,1064,-0.17511,-0.18139,-0.17515
iter8_s3501000033_K40,early_mid,iter8,40,28,0.0,structural/unclear,True,True,False,False,1360,1166,745,-0.94272,-0.94461,-0.94488
greedy_s3500000000_K28,mid,greedy,28,46,0.0,structural/unclear,True,True,False,False,938,1477,844,-0.14697,-0.14697,-0.14697
greedy_s3500000028_K28,mid,greedy,28,44,0.0,structural/unclear,True,True,False,False,949,849,848,0.06136,0.05385,0.05976
heur3200_s3502000006_K28,mid,heur@3200,28,30,0.0,structural/unclear,True,True,False,False,939,936,936,-0.886,-0.88604,-0.88604
heur3200_s3502000011_K28,mid,heur@3200,28,31,0.0,structural/unclear,True,True,False,False,1461,939,752,0.32687,0.32265,0.32527
heur3200_s3502000024_K28,mid,heur@3200,28,37,0.0,structural/unclear,True,True,False,False,845,844,844,0.93145,0.93144,0.93144
heur3200_s3502000026_K28,mid,heur@3200,28,60,0.0,structural/unclear,True,True,False,False,1560,1336,644,-0.1828,-0.18425,-0.18597
heur3200_s3502000028_K28,mid,heur@3200,28,39,0.0,structural/unclear,True,True,False,False,965,1063,737,-0.3833,-0.3833,-0.38653
heur3200_s3502000041_K28,mid,heur@3200,28,42,0.0,structural/unclear,True,True,False,False,865,849,644,0.959,0.959,0.959
hybrid_8_3200_s3503000007_K28,mid,hybrid:8:3200,28,46,0.0,structural/unclear,True,True,False,False,970,968,744,0.2764,0.27348,0.27348
hybrid_8_3200_s3503000013_K28,mid,hybrid:8:3200,28,44,0.0,structural/unclear,True,True,False,False,857,1231,849,-0.8861,-0.8861,-0.88611
hybrid_8_3200_s3503000016_K28,mid,hybrid:8:3200,28,39,0.0,structural/unclear,True,True,False,False,1037,1468,641,-0.26052,-0.26052,-0.26052
hybrid_8_3200_s3503000034_K28,mid,hybrid:8:3200,28,31,0.0,structural/closure,True,True,False,False,830,952,829,0.73355,0.73355,0.73299
hybrid_8_3200_s3503000040_K28,mid,hybrid:8:3200,28,35,0.0,structural/unclear,True,True,False,False,1033,1666,1032,0.14141,0.13951,0.1414
greedy_s3500000005_K16,late_mid,greedy,16,46,0.0,structural/unclear,True,True,False,False,1225,1257,748,-0.47931,-0.4817,-0.47968
greedy_s3500000008_K16,late_mid,greedy,16,45,0.0,structural/unclear,False,True,True,False,1448,1448,1316,0.83755,0.83755,0.83625
greedy_s3500000017_K16,late_mid,greedy,16,40,0.0,structural/unclear,True,True,False,False,852,1648,732,-0.97693,-0.97722,-0.97695
greedy_s3500000034_K16,late_mid,greedy,16,32,0.0,structural/closure,True,True,False,False,1659,1339,1656,0.99776,0.99712,0.99776
greedy_s3500000036_K16,late_mid,greedy,16,96,0.0,structural/unclear,True,True,False,False,948,1020,640,-0.73166,-0.73214,-0.7319
greedy_s3500000046_K16,late_mid,greedy,16,60,0.0,structural/unclear,True,True,False,False,1637,1639,1431,0.3533,0.3533,0.35244
heur3200_s3502000005_K16,late_mid,heur@3200,16,33,0.0,structural/unclear,True,True,False,False,1663,1645,1645,0.8982,0.89817,0.89817
heur3200_s3502000011_K16,late_mid,heur@3200,16,35,0.0,structural/closure,False,True,True,False,1276,1276,752,0.31989,0.31989,0.28048
heur3200_s3502000012_K16,late_mid,heur@3200,16,54,0.0,structural/unclear,True,True,False,False,846,1556,845,-0.37401,-0.37599,-0.37411
heur3200_s3502000026_K16,late_mid,heur@3200,16,53,0.0,structural/unclear,True,True,False,False,553,1124,552,0.06657,0.06657,0.06657
heur3200_s3502000033_K16,late_mid,heur@3200,16,39,0.0,structural/unclear,True,True,False,False,941,842,841,0.03192,0.03034,0.02728
heur3200_s3502000049_K16,late_mid,heur@3200,16,27,0.0,meeple-economy,True,True,False,False,860,1355,841,-0.97977,-0.98202,-0.97977
hybrid_8_3200_s3503000000_K16,late_mid,hybrid:8:3200,16,56,0.0,structural/unclear,True,True,False,False,1360,1641,656,-0.32554,-0.32971,-0.32766
hybrid_8_3200_s3503000002_K16,late_mid,hybrid:8:3200,16,53,0.0,structural/unclear,False,True,True,False,1221,1221,736,-0.62702,-0.62702,-0.63137
hybrid_8_3200_s3503000007_K16,late_mid,hybrid:8:3200,16,57,0.0,structural/closure,True,True,False,False,844,966,838,0.82118,0.81799,0.81799
hybrid_8_3200_s3503000013_K16,late_mid,hybrid:8:3200,16,60,0.0,structural/unclear,True,True,False,False,740,1442,1041,-0.72551,-0.74687,-0.75838
hybrid_8_3200_s3503000027_K16,late_mid,hybrid:8:3200,16,34,0.0,structural/unclear,True,True,False,False,1047,944,835,-0.99986,-0.99986,-0.99986
hybrid_8_3200_s3503000043_K16,late_mid,hybrid:8:3200,16,24,0.0,structural/closure,True,True,False,False,1632,1076,852,0.98813,0.98797,0.98804
hybrid_8_3200_s3503000049_K16,late_mid,hybrid:8:3200,16,31,0.0,structural/unclear,True,True,False,False,959,1446,956,0.32151,0.32151,0.32151
iter8_s3501000005_K16,late_mid,iter8,16,32,0.0,completion/score-greed,False,True,True,False,1840,1840,1033,0.93883,0.93883,0.93781
iter8_s3501000018_K16,late_mid,iter8,16,45,0.0,structural/unclear,True,True,False,False,960,1958,750,-0.96441,-0.96454,-0.96454
iter8_s3501000029_K16,late_mid,iter8,16,48,0.0,structural/unclear,True,True,False,False,1441,1169,645,-0.84955,-0.8502,-0.85011
iter8_s3501000038_K16,late_mid,iter8,16,52,0.0,structural/unclear,True,True,False,False,1332,1275,653,-0.72469,-0.72617,-0.72727
greedy_s3500000020_K10,pre_endgame,greedy,10,45,0.0,structural/unclear,True,True,False,False,1834,1731,1731,-0.43808,-0.43808,-0.43808
greedy_s3500000034_K10,pre_endgame,greedy,10,42,0.0,structural/unclear,True,True,False,False,968,944,748,0.99756,0.99741,0.99752
greedy_s3500000046_K10,pre_endgame,greedy,10,30,0.0,immediate-score,True,True,False,False,1564,1324,1324,0.19301,0.19139,0.19139
greedy_s3500000049_K10,pre_endgame,greedy,10,38,0.0,structural/closure,True,True,False,False,1842,1360,648,0.99472,0.99363,0.99448
heur3200_s3502000000_K10,pre_endgame,heur@3200,10,52,0.0,structural/unclear,True,True,False,False,1041,1837,732,-0.76159,-0.76159,-0.76159
heur3200_s3502000026_K10,pre_endgame,heur@3200,10,32,0.0,structural/unclear,True,True,False,False,1038,1667,637,0.07921,0.075,0.075
hybrid_8_3200_s3503000003_K10,pre_endgame,hybrid:8:3200,10,68,0.0,structural/unclear,True,True,False,False,761,1234,652,-0.89894,-0.89894,-0.89942
hybrid_8_3200_s3503000011_K10,pre_endgame,hybrid:8:3200,10,44,0.0,structural/unclear,True,True,False,False,1532,775,1326,0.99143,0.98989,0.99116
hybrid_8_3200_s3503000015_K10,pre_endgame,hybrid:8:3200,10,63,0.0,structural/unclear,True,True,False,False,1169,746,736,0.89866,0.89683,0.89713
hybrid_8_3200_s3503000016_K10,pre_endgame,hybrid:8:3200,10,45,0.0,structural/unclear,True,True,False,False,1278,1175,734,-0.56318,-0.58278,-0.57285
hybrid_8_3200_s3503000018_K10,pre_endgame,hybrid:8:3200,10,46,0.0,structural/unclear,True,True,False,False,960,1641,644,-0.58269,-0.58329,-0.58273
hybrid_8_3200_s3503000027_K10,pre_endgame,hybrid:8:3200,10,33,0.0,structural/unclear,True,True,False,False,1374,1366,1366,-0.99986,-0.99986,-0.99986
hybrid_8_3200_s3503000040_K10,pre_endgame,hybrid:8:3200,10,40,0.0,structural/unclear,True,True,False,False,838,837,829,0.86874,0.86872,0.86872
hybrid_8_3200_s3503000041_K10,pre_endgame,hybrid:8:3200,10,22,0.0,structural/closure,True,True,False,False,1069,1844,940,0.92831,0.92266,0.91939
iter8_s3501000018_K10,pre_endgame,iter8,10,49,0.0,structural/closure,True,True,False,False,757,1224,648,-0.98367,-0.98367,-0.98371
iter8_s3501000022_K10,pre_endgame,iter8,10,44,0.0,structural/unclear,True,True,False,False,646,1728,645,0.81275,0.81275,0.81275
iter8_s3501000036_K10,pre_endgame,iter8,10,34,0.0,structural/unclear,True,True,False,False,847,844,844,0.2582,0.25818,0.25818
