position_id,band,source_bucket,k_remaining,iter08,rod,parent,h3200,it_eq_h3,rod_eq_h3,par_eq_h3,it_eq_rod,it_eq_par,it_top1,it_rootv
greedy_s3500000000_K10,pre_endgame,greedy,10,1271,1271,1271,1271,1,1,1,1,1,0.755,-0.06003
greedy_s3500000000_K16,late_mid,greedy,16,1161,1166,1166,1166,0,1,1,0,0,0.125,-0.87067
greedy_s3500000000_K28,mid,greedy,28,938,1477,1477,938,1,0,0,0,0,0.085,-0.15293
greedy_s3500000000_K40,early_mid,greedy,40,1369,1369,1369,1369,1,1,1,1,1,0.175,-0.06213
greedy_s3500000000_K52,opening,greedy,52,1040,949,949,1040,1,0,0,0,0,0.165,-0.29134
greedy_s3500000001_K10,pre_endgame,greedy,10,752,1081,1077,852,0,0,0,0,0,0.125,-0.98989
greedy_s3500000001_K16,late_mid,greedy,16,1145,1145,1145,1145,1,1,1,1,1,0.175,-0.98627
greedy_s3500000001_K28,mid,greedy,28,861,861,862,861,1,1,0,1,0,0.345,-0.96106
greedy_s3500000001_K40,early_mid,greedy,40,1173,1173,1173,1173,1,1,1,1,1,0.27,-0.5619
greedy_s3500000001_K52,opening,greedy,52,1234,1139,1234,1144,0,0,0,0,1,0.105,-0.03057
greedy_s3500000002_K10,pre_endgame,greedy,10,1161,1161,1161,1161,1,1,1,1,1,0.68,-0.52609
greedy_s3500000002_K16,late_mid,greedy,16,1165,1165,1268,1268,0,0,1,1,0,0.265,-0.34917
greedy_s3500000002_K28,mid,greedy,28,844,844,844,844,1,1,1,1,1,0.265,-0.5567
greedy_s3500000002_K40,early_mid,greedy,40,1147,1164,1753,1753,0,0,1,0,0,0.235,-0.37256
greedy_s3500000002_K52,opening,greedy,52,1248,1248,1248,1156,0,0,0,1,1,0.49,0.26264
greedy_s3500000003_K10,pre_endgame,greedy,10,1464,1464,1120,1464,1,1,0,1,0,0.41,0.914
greedy_s3500000003_K16,late_mid,greedy,16,1258,1258,1258,1258,1,1,1,1,1,0.415,0.88323
greedy_s3500000003_K28,mid,greedy,28,1135,1439,1439,1042,0,0,0,0,0,0.215,0.92162
greedy_s3500000003_K40,early_mid,greedy,40,1657,1641,1657,1364,0,0,0,0,1,0.1,0.34709
greedy_s3500000003_K52,opening,greedy,52,1362,1361,1459,1458,0,0,0,0,0,0.32,-0.46245
greedy_s3500000004_K10,pre_endgame,greedy,10,1737,1737,1737,1737,1,1,1,1,1,0.415,0.74304
greedy_s3500000004_K16,late_mid,greedy,16,1037,1037,1037,1037,1,1,1,1,1,0.4,0.71352
greedy_s3500000004_K28,mid,greedy,28,1032,1643,1643,1349,0,0,0,0,0,0.175,0.28836
greedy_s3500000004_K40,early_mid,greedy,40,1132,1132,1449,1449,0,0,1,1,0,0.175,0.49751
greedy_s3500000004_K52,opening,greedy,52,1740,1740,1740,1740,1,1,1,1,1,0.295,0.46018
greedy_s3500000005_K10,pre_endgame,greedy,10,1657,1657,1657,1657,1,1,1,1,1,0.36,-0.29714
greedy_s3500000005_K16,late_mid,greedy,16,1257,1257,1257,1225,0,0,0,1,1,0.21,-0.44599
greedy_s3500000005_K28,mid,greedy,28,1748,1748,1748,1748,1,1,1,1,1,0.41,0.05946
greedy_s3500000005_K40,early_mid,greedy,40,1555,1555,1555,1555,1,1,1,1,1,0.745,0.56732
greedy_s3500000005_K52,opening,greedy,52,1546,1546,1546,1546,1,1,1,1,1,0.27,0.00034
greedy_s3500000006_K10,pre_endgame,greedy,10,1152,1152,1152,1332,0,0,0,1,1,0.415,0.1012
greedy_s3500000006_K16,late_mid,greedy,16,1175,957,957,762,0,0,0,0,0,0.415,0.00391
greedy_s3500000006_K28,mid,greedy,28,960,964,964,960,1,0,0,0,0,0.575,0.26149
greedy_s3500000006_K40,early_mid,greedy,40,1453,1453,1453,1453,1,1,1,1,1,0.475,0.30855
greedy_s3500000006_K52,opening,greedy,52,1164,1164,1164,1164,1,1,1,1,1,0.565,0.23709
greedy_s3500000007_K10,pre_endgame,greedy,10,969,969,948,969,1,1,0,1,0,0.1,-0.42963
greedy_s3500000007_K16,late_mid,greedy,16,970,970,970,970,1,1,1,1,1,0.125,-0.574
greedy_s3500000007_K28,mid,greedy,28,1556,1654,1556,863,0,0,0,0,1,0.095,-0.50029
greedy_s3500000007_K40,early_mid,greedy,40,1636,1438,1636,1437,0,0,0,0,1,0.105,-0.55475
greedy_s3500000007_K52,opening,greedy,52,1462,1462,1462,1461,0,0,0,1,1,0.275,-0.622
greedy_s3500000008_K10,pre_endgame,greedy,10,1349,1349,1349,1422,0,0,0,1,1,0.265,0.93109
greedy_s3500000008_K16,late_mid,greedy,16,1448,1449,1448,1448,1,0,1,0,1,0.275,0.83169
greedy_s3500000008_K28,mid,greedy,28,1442,1442,1442,1442,1,1,1,1,1,0.75,0.76094
greedy_s3500000008_K40,early_mid,greedy,40,1536,1536,1536,1449,0,0,0,1,1,0.275,0.85516
greedy_s3500000008_K52,opening,greedy,52,1447,1447,1447,1447,1,1,1,1,1,0.26,0.02395
greedy_s3500000009_K10,pre_endgame,greedy,10,1533,1533,1533,1533,1,1,1,1,1,0.28,-0.74609
greedy_s3500000009_K16,late_mid,greedy,16,1533,1533,1533,1165,0,0,0,1,1,0.305,0.04115
greedy_s3500000009_K28,mid,greedy,28,1551,1551,1742,1551,1,1,0,1,0,0.18,-0.05413
greedy_s3500000009_K40,early_mid,greedy,40,1132,1132,1132,1132,1,1,1,1,1,0.715,-0.48242
greedy_s3500000009_K52,opening,greedy,52,1646,1540,1540,1646,1,0,0,0,0,0.145,0.08745
greedy_s3500000010_K10,pre_endgame,greedy,10,1665,1136,967,743,0,0,0,0,0,0.12,-0.97411
greedy_s3500000010_K16,late_mid,greedy,16,742,1527,1269,935,0,0,0,0,0,0.095,-0.8974
greedy_s3500000010_K28,mid,greedy,28,1359,1359,1359,1359,1,1,1,1,1,0.575,-0.80359
greedy_s3500000010_K40,early_mid,greedy,40,1649,1649,1649,1649,1,1,1,1,1,0.11,-0.67209
greedy_s3500000010_K52,opening,greedy,52,1260,1357,1357,1260,1,0,0,0,0,0.37,0.21935
greedy_s3500000011_K10,pre_endgame,greedy,10,1161,1161,1161,1161,1,1,1,1,1,0.195,-0.78284
greedy_s3500000011_K16,late_mid,greedy,16,827,1565,1565,1139,0,0,0,0,0,0.075,-0.7978
greedy_s3500000011_K28,mid,greedy,28,1161,1161,1161,1161,1,1,1,1,1,0.23,-0.1553
greedy_s3500000011_K40,early_mid,greedy,40,833,833,833,833,1,1,1,1,1,0.705,-0.38513
greedy_s3500000011_K52,opening,greedy,52,1551,1466,1465,1464,0,0,0,0,0,0.145,0.19141
greedy_s3500000012_K10,pre_endgame,greedy,10,1772,1368,1328,1328,0,0,1,0,0,0.155,-0.66952
greedy_s3500000012_K16,late_mid,greedy,16,749,749,749,1364,0,0,0,1,1,0.08,-0.60113
greedy_s3500000012_K28,mid,greedy,28,1446,1446,1446,1446,1,1,1,1,1,0.395,-0.04689
greedy_s3500000012_K40,early_mid,greedy,40,1748,1748,1748,1652,0,0,0,1,1,0.195,-0.63086
greedy_s3500000012_K52,opening,greedy,52,1567,1567,1567,1567,1,1,1,1,1,0.855,0.39013
greedy_s3500000013_K10,pre_endgame,greedy,10,1341,1341,1341,1341,1,1,1,1,1,0.15,0.80734
greedy_s3500000013_K16,late_mid,greedy,16,959,959,959,959,1,1,1,1,1,0.34,0.84722
greedy_s3500000013_K28,mid,greedy,28,1541,1468,1468,1541,1,0,0,0,0,0.085,-0.06536
greedy_s3500000013_K40,early_mid,greedy,40,936,936,936,936,1,1,1,1,1,0.72,-0.06158
greedy_s3500000013_K52,opening,greedy,52,1238,1238,1238,948,0,0,0,1,1,0.11,0.56975
greedy_s3500000014_K10,pre_endgame,greedy,10,1250,1250,1250,1250,1,1,1,1,1,1.0,0.76062
greedy_s3500000014_K16,late_mid,greedy,16,764,848,1166,1166,0,0,1,0,0,0.295,0.34555
greedy_s3500000014_K28,mid,greedy,28,1360,1360,1360,1360,1,1,1,1,1,0.395,0.74358
greedy_s3500000014_K40,early_mid,greedy,40,1449,1449,1449,1069,0,0,0,1,1,0.37,0.19538
greedy_s3500000014_K52,opening,greedy,52,1063,1063,1063,1063,1,1,1,1,1,0.745,0.07511
greedy_s3500000015_K10,pre_endgame,greedy,10,770,770,770,770,1,1,1,1,1,0.67,0.42317
greedy_s3500000015_K16,late_mid,greedy,16,1160,1160,1160,1160,1,1,1,1,1,0.54,-0.07106
greedy_s3500000015_K28,mid,greedy,28,1171,1170,1170,1170,0,1,1,0,0,0.125,-0.38639
greedy_s3500000015_K40,early_mid,greedy,40,1348,1348,1348,1348,1,1,1,1,1,0.61,0.22838
greedy_s3500000015_K52,opening,greedy,52,1352,1352,1352,1352,1,1,1,1,1,0.295,-0.23282
greedy_s3500000016_K10,pre_endgame,greedy,10,1329,745,745,1329,1,0,0,0,0,0.185,0.83949
greedy_s3500000016_K16,late_mid,greedy,16,1356,1356,735,1530,0,0,0,1,0,0.255,0.92742
greedy_s3500000016_K28,mid,greedy,28,1055,1259,1259,1259,0,1,1,0,0,0.465,0.95007
greedy_s3500000016_K40,early_mid,greedy,40,1563,1752,1752,1543,0,0,0,0,0,0.15,0.93317
greedy_s3500000016_K52,opening,greedy,52,1548,1548,1548,1548,1,1,1,1,1,0.23,0.58215
greedy_s3500000017_K10,pre_endgame,greedy,10,1737,1737,1737,1737,1,1,1,1,1,0.73,-0.92212
greedy_s3500000017_K16,late_mid,greedy,16,1124,852,1648,932,0,0,0,0,0,0.145,-0.9828
greedy_s3500000017_K28,mid,greedy,28,856,1751,1360,1261,0,0,0,0,0,0.075,-0.96042
greedy_s3500000017_K40,early_mid,greedy,40,1651,1648,1648,1651,1,0,0,0,0,0.14,-0.96815
greedy_s3500000017_K52,opening,greedy,52,1562,943,943,1455,0,0,0,0,0,0.27,-0.72674
greedy_s3500000018_K10,pre_endgame,greedy,10,1943,1943,1943,1943,1,1,1,1,1,0.575,-0.70745
greedy_s3500000018_K16,late_mid,greedy,16,650,1843,1840,1843,0,1,0,0,0,0.365,-0.3458
greedy_s3500000018_K28,mid,greedy,28,951,951,951,951,1,1,1,1,1,0.39,0.15233
greedy_s3500000018_K40,early_mid,greedy,40,1548,1548,1548,1051,0,0,0,1,1,0.855,0.10657
greedy_s3500000018_K52,opening,greedy,52,1444,1548,1548,1444,1,0,0,0,0,0.35,-0.47112
greedy_s3500000019_K10,pre_endgame,greedy,10,1435,1173,1173,1172,0,0,0,0,0,0.09,0.31866
greedy_s3500000019_K16,late_mid,greedy,16,1356,1356,1356,1356,1,1,1,1,1,0.295,0.62578
greedy_s3500000019_K28,mid,greedy,28,1647,1647,1647,1647,1,1,1,1,1,0.75,0.45256
greedy_s3500000019_K40,early_mid,greedy,40,1345,1453,1453,1345,1,0,0,0,0,0.45,0.61724
greedy_s3500000019_K52,opening,greedy,52,1261,1261,1261,1261,1,1,1,1,1,0.21,0.45945
greedy_s3500000020_K10,pre_endgame,greedy,10,1446,1446,1446,1446,1,1,1,1,1,0.755,-0.31539
greedy_s3500000020_K16,late_mid,greedy,16,1845,1458,1734,1458,0,1,0,0,0,0.17,-0.54496
greedy_s3500000020_K28,mid,greedy,28,1746,1746,1746,1746,1,1,1,1,1,0.145,0.78311
greedy_s3500000020_K40,early_mid,greedy,40,1355,1355,1355,1640,0,0,0,1,1,0.455,0.66702
greedy_s3500000020_K52,opening,greedy,52,1659,1659,1659,1659,1,1,1,1,1,0.9,0.581
greedy_s3500000021_K10,pre_endgame,greedy,10,1444,1256,1444,1256,0,1,0,0,1,0.435,0.11288
greedy_s3500000021_K16,late_mid,greedy,16,1252,861,861,861,0,1,1,0,0,0.5,-0.31325
greedy_s3500000021_K28,mid,greedy,28,1272,1272,1272,1272,1,1,1,1,1,0.415,-0.25626
greedy_s3500000021_K40,early_mid,greedy,40,1029,1272,1253,1253,0,0,1,0,0,0.15,0.11608
greedy_s3500000021_K52,opening,greedy,52,1367,1367,1367,1367,1,1,1,1,1,0.975,0.60655
greedy_s3500000022_K10,pre_endgame,greedy,10,1845,1845,1845,1845,1,1,1,1,1,0.17,0.24068
greedy_s3500000022_K16,late_mid,greedy,16,1270,1270,1270,1270,1,1,1,1,1,0.235,0.70661
greedy_s3500000022_K28,mid,greedy,28,1556,1556,1556,1556,1,1,1,1,1,0.91,0.52714
greedy_s3500000022_K40,early_mid,greedy,40,1136,1658,1136,1267,0,0,0,0,1,0.225,0.82812
greedy_s3500000022_K52,opening,greedy,52,1449,1449,1449,1449,1,1,1,1,1,0.62,0.27383
greedy_s3500000023_K10,pre_endgame,greedy,10,1157,1060,751,754,0,0,0,0,0,0.3,0.98564
greedy_s3500000023_K16,late_mid,greedy,16,839,834,834,1226,0,0,0,0,0,0.15,0.99802
greedy_s3500000023_K28,mid,greedy,28,934,934,938,938,0,0,1,1,0,0.45,0.98208
greedy_s3500000023_K40,early_mid,greedy,40,1443,1341,1442,1443,1,0,0,0,0,0.29,0.91726
greedy_s3500000023_K52,opening,greedy,52,1043,1043,1043,1043,1,1,1,1,1,0.285,0.82963
greedy_s3500000024_K10,pre_endgame,greedy,10,1132,748,1052,1748,0,0,0,0,0,0.24,0.744
greedy_s3500000024_K16,late_mid,greedy,16,1172,1172,1172,1172,1,1,1,1,1,0.175,0.71164
greedy_s3500000024_K28,mid,greedy,28,1341,1341,1341,1341,1,1,1,1,1,0.28,0.84038
greedy_s3500000024_K40,early_mid,greedy,40,1366,1366,1366,1661,0,0,0,1,1,0.17,0.47731
greedy_s3500000024_K52,opening,greedy,52,1461,1461,1461,1461,1,1,1,1,1,0.5,0.32355
greedy_s3500000025_K10,pre_endgame,greedy,10,1536,1536,1536,1536,1,1,1,1,1,0.21,0.49901
greedy_s3500000025_K16,late_mid,greedy,16,837,1568,846,1256,0,0,0,0,0,0.195,0.65279
greedy_s3500000025_K28,mid,greedy,28,1160,1468,1439,877,0,0,0,0,0,0.14,0.56007
greedy_s3500000025_K40,early_mid,greedy,40,1126,1127,932,932,0,0,1,0,0,0.315,0.87626
greedy_s3500000025_K52,opening,greedy,52,1339,1339,1339,1339,1,1,1,1,1,0.74,0.50974
greedy_s3500000026_K10,pre_endgame,greedy,10,1134,1567,1566,1757,0,0,0,0,0,0.375,-0.76739
greedy_s3500000026_K16,late_mid,greedy,16,644,644,644,945,0,0,0,1,1,0.255,-0.85651
greedy_s3500000026_K28,mid,greedy,28,652,1540,1540,652,1,0,0,0,0,0.125,-0.94677
greedy_s3500000026_K40,early_mid,greedy,40,1433,1433,1433,1433,1,1,1,1,1,0.15,-0.96895
greedy_s3500000026_K52,opening,greedy,52,1458,848,848,1651,0,0,0,0,0,0.145,-0.79985
greedy_s3500000027_K10,pre_endgame,greedy,10,1125,1428,637,637,0,0,1,0,0,0.085,-0.90704
greedy_s3500000027_K16,late_mid,greedy,16,1745,1745,1745,1745,1,1,1,1,1,0.135,-0.85591
greedy_s3500000027_K28,mid,greedy,28,1748,1748,1748,1748,1,1,1,1,1,0.435,-0.51106
greedy_s3500000027_K40,early_mid,greedy,40,1369,1369,1369,1369,1,1,1,1,1,0.22,-0.36404
greedy_s3500000027_K52,opening,greedy,52,1555,1554,1555,1544,0,0,0,0,1,0.22,-0.20518
greedy_s3500000028_K10,pre_endgame,greedy,10,1070,755,758,1230,0,0,0,0,0,0.24,-0.77271
greedy_s3500000028_K16,late_mid,greedy,16,1556,1556,1556,1167,0,0,0,1,1,0.395,-0.29997
greedy_s3500000028_K28,mid,greedy,28,1167,1167,849,949,0,0,0,1,0,0.085,0.00819
greedy_s3500000028_K40,early_mid,greedy,40,1142,1142,1142,1142,1,1,1,1,1,0.985,-0.04132
greedy_s3500000028_K52,opening,greedy,52,1152,1152,1152,1152,1,1,1,1,1,0.365,-0.19357
greedy_s3500000029_K10,pre_endgame,greedy,10,1645,1645,1645,1645,1,1,1,1,1,0.325,-0.20713
greedy_s3500000029_K16,late_mid,greedy,16,1546,1544,1544,1546,1,0,0,0,0,0.585,0.11556
greedy_s3500000029_K28,mid,greedy,28,1641,1524,1460,1460,0,0,1,0,0,0.15,-0.69539
greedy_s3500000029_K40,early_mid,greedy,40,1332,1332,1332,1332,1,1,1,1,1,0.47,-0.61423
greedy_s3500000029_K52,opening,greedy,52,1157,1157,1157,1157,1,1,1,1,1,0.31,-0.24767
greedy_s3500000030_K10,pre_endgame,greedy,10,939,939,939,939,1,1,1,1,1,0.245,-0.96047
greedy_s3500000030_K16,late_mid,greedy,16,933,933,1237,933,1,1,0,1,0,0.16,-0.94216
greedy_s3500000030_K28,mid,greedy,28,937,940,940,940,0,1,1,0,0,0.25,-0.81072
greedy_s3500000030_K40,early_mid,greedy,40,749,749,749,749,1,1,1,1,1,0.26,-0.73835
greedy_s3500000030_K52,opening,greedy,52,1359,1538,1539,1538,0,1,0,0,0,0.095,-0.04953
greedy_s3500000031_K10,pre_endgame,greedy,10,1660,1763,1853,931,0,0,0,0,0,0.065,-0.41296
greedy_s3500000031_K16,late_mid,greedy,16,848,848,848,848,1,1,1,1,1,0.465,-0.18142
greedy_s3500000031_K28,mid,greedy,28,1630,1641,1359,1359,0,0,1,0,0,0.33,-0.36075
greedy_s3500000031_K40,early_mid,greedy,40,946,1540,954,1540,0,1,0,0,0,0.1,-0.09984
greedy_s3500000031_K52,opening,greedy,52,960,960,960,857,0,0,0,1,1,0.21,-0.42865
greedy_s3500000032_K10,pre_endgame,greedy,10,1645,1436,1457,1645,1,0,0,0,0,0.2,-0.27402
greedy_s3500000032_K16,late_mid,greedy,16,839,951,1670,838,0,0,0,0,0,0.225,-0.24981
greedy_s3500000032_K28,mid,greedy,28,1168,1168,1168,1533,0,0,0,1,1,0.095,-0.18329
greedy_s3500000032_K40,early_mid,greedy,40,1243,1243,1243,1042,0,0,0,1,1,0.395,-0.38584
greedy_s3500000032_K52,opening,greedy,52,1460,1460,1460,1460,1,1,1,1,1,0.23,0.10367
greedy_s3500000033_K10,pre_endgame,greedy,10,925,927,926,927,0,1,0,0,0,0.285,0.35542
greedy_s3500000033_K16,late_mid,greedy,16,1040,1040,1040,1040,1,1,1,1,1,0.295,0.61906
greedy_s3500000033_K28,mid,greedy,28,1274,1274,1274,1274,1,1,1,1,1,0.39,0.9112
greedy_s3500000033_K40,early_mid,greedy,40,1461,1461,1461,1461,1,1,1,1,1,0.55,0.7508
greedy_s3500000033_K52,opening,greedy,52,1440,1440,1440,1244,0,0,0,1,1,0.245,0.52211
greedy_s3500000034_K10,pre_endgame,greedy,10,1535,948,944,944,0,0,1,0,0,0.12,0.98115
greedy_s3500000034_K16,late_mid,greedy,16,1656,1656,1339,1659,0,0,0,1,0,0.265,0.99687
greedy_s3500000034_K28,mid,greedy,28,1455,1455,1455,1455,1,1,1,1,1,0.33,0.99015
greedy_s3500000034_K40,early_mid,greedy,40,1467,1148,1148,1148,0,1,1,0,0,0.645,0.93701
greedy_s3500000034_K52,opening,greedy,52,1337,1449,1449,1449,0,1,1,0,0,0.27,0.36833
greedy_s3500000035_K10,pre_endgame,greedy,10,1063,857,1063,1063,1,0,1,0,1,0.265,-0.47998
greedy_s3500000035_K16,late_mid,greedy,16,856,856,856,856,1,1,1,1,1,0.16,0.23423
greedy_s3500000035_K28,mid,greedy,28,961,960,960,962,0,0,0,0,0,0.455,0.08773
greedy_s3500000035_K40,early_mid,greedy,40,1467,1467,1467,1467,1,1,1,1,1,0.4,0.06698
greedy_s3500000035_K52,opening,greedy,52,1056,1056,1056,1056,1,1,1,1,1,0.2,0.04517
greedy_s3500000036_K10,pre_endgame,greedy,10,1845,1124,1845,1124,0,1,0,0,1,0.34,-0.81181
greedy_s3500000036_K16,late_mid,greedy,16,1272,952,1020,948,0,0,0,0,0,0.09,-0.74127
greedy_s3500000036_K28,mid,greedy,28,1536,1536,1536,1536,1,1,1,1,1,0.59,-0.64052
greedy_s3500000036_K40,early_mid,greedy,40,1658,1658,1034,1658,1,1,0,1,0,0.115,-0.86938
greedy_s3500000036_K52,opening,greedy,52,1240,1242,1242,1242,0,1,1,0,0,0.225,-0.39082
greedy_s3500000037_K10,pre_endgame,greedy,10,655,761,761,864,0,0,0,0,0,0.105,0.52786
greedy_s3500000037_K16,late_mid,greedy,16,1233,1233,1233,1233,1,1,1,1,1,0.895,0.61427
greedy_s3500000037_K28,mid,greedy,28,1656,848,1640,1640,0,0,1,0,0,0.105,0.40217
greedy_s3500000037_K40,early_mid,greedy,40,932,932,1336,1336,0,0,1,1,0,0.165,0.61472
greedy_s3500000037_K52,opening,greedy,52,1160,1343,1343,1343,0,1,1,0,0,0.615,0.35103
greedy_s3500000038_K10,pre_endgame,greedy,10,1232,1232,1232,1232,1,1,1,1,1,0.295,-0.13932
greedy_s3500000038_K16,late_mid,greedy,16,1848,1848,1848,1848,1,1,1,1,1,0.55,-0.58834
greedy_s3500000038_K28,mid,greedy,28,1545,1545,1545,1545,1,1,1,1,1,0.24,-0.46718
greedy_s3500000038_K40,early_mid,greedy,40,1366,1471,1160,1366,1,0,0,0,0,0.05,-0.52111
greedy_s3500000038_K52,opening,greedy,52,1460,1460,1460,1460,1,1,1,1,1,0.18,-0.53068
greedy_s3500000039_K10,pre_endgame,greedy,10,1186,1186,1186,1186,1,1,1,1,1,0.24,0.85584
greedy_s3500000039_K16,late_mid,greedy,16,1537,1072,1072,1437,0,0,0,0,0,0.135,0.68253
greedy_s3500000039_K28,mid,greedy,28,1160,1263,1263,1748,0,0,0,0,0,0.24,0.48407
greedy_s3500000039_K40,early_mid,greedy,40,1441,1441,1441,1441,1,1,1,1,1,0.455,-0.05159
greedy_s3500000039_K52,opening,greedy,52,1266,1648,1370,1267,0,0,0,0,0,0.27,-0.39069
greedy_s3500000040_K10,pre_endgame,greedy,10,1954,1953,1954,1953,0,1,0,0,1,0.065,-0.02448
greedy_s3500000040_K16,late_mid,greedy,16,1954,1954,1954,1954,1,1,1,1,1,0.165,0.19516
greedy_s3500000040_K28,mid,greedy,28,1463,1463,1756,1567,0,0,0,1,0,0.39,0.14882
greedy_s3500000040_K40,early_mid,greedy,40,848,1363,1360,848,1,0,0,0,0,0.145,0.70305
greedy_s3500000040_K52,opening,greedy,52,1356,1356,1356,1356,1,1,1,1,1,0.695,0.46537
greedy_s3500000041_K10,pre_endgame,greedy,10,1760,1468,1468,1632,0,0,0,0,0,0.405,-0.93036
greedy_s3500000041_K16,late_mid,greedy,16,1660,1744,1332,1024,0,0,0,0,0,0.115,-0.72792
greedy_s3500000041_K28,mid,greedy,28,1653,1655,1131,855,0,0,0,0,0,0.195,-0.81572
greedy_s3500000041_K40,early_mid,greedy,40,1460,1331,1067,1045,0,0,0,0,0,0.175,-0.33688
greedy_s3500000041_K52,opening,greedy,52,1143,1143,1143,1143,1,1,1,1,1,0.44,0.16054
greedy_s3500000042_K10,pre_endgame,greedy,10,544,656,656,656,0,1,1,0,0,0.155,-0.95741
greedy_s3500000042_K16,late_mid,greedy,16,1954,1955,1955,1641,0,0,0,0,0,0.07,-0.90263
greedy_s3500000042_K28,mid,greedy,28,1849,1432,1432,548,0,0,0,0,0,0.075,-0.71953
greedy_s3500000042_K40,early_mid,greedy,40,1237,1638,1237,1237,1,0,1,0,1,0.225,-0.34436
greedy_s3500000042_K52,opening,greedy,52,1338,1436,1338,1338,1,0,1,0,1,0.085,-0.10878
greedy_s3500000043_K10,pre_endgame,greedy,10,1268,1268,1268,1268,1,1,1,1,1,0.325,-0.04756
greedy_s3500000043_K16,late_mid,greedy,16,1456,1038,750,1456,1,0,0,0,0,0.15,0.40541
greedy_s3500000043_K28,mid,greedy,28,1369,1642,1369,1369,1,0,1,0,1,0.095,0.48772
greedy_s3500000043_K40,early_mid,greedy,40,1236,1236,1236,1236,1,1,1,1,1,0.805,0.1705
greedy_s3500000043_K52,opening,greedy,52,845,845,845,845,1,1,1,1,1,0.86,-0.26696
greedy_s3500000044_K10,pre_endgame,greedy,10,760,1368,732,760,1,0,0,0,0,0.805,-0.97597
greedy_s3500000044_K16,late_mid,greedy,16,1229,1229,1229,744,0,0,0,1,1,0.28,-0.86032
greedy_s3500000044_K28,mid,greedy,28,1260,1224,1676,1540,0,0,0,0,0,0.14,-0.57407
greedy_s3500000044_K40,early_mid,greedy,40,1027,848,1442,1441,0,0,0,0,0,0.11,-0.51004
greedy_s3500000044_K52,opening,greedy,52,1239,1239,1239,1239,1,1,1,1,1,0.7,0.20387
greedy_s3500000045_K10,pre_endgame,greedy,10,1543,1543,1543,1543,1,1,1,1,1,0.425,0.87367
greedy_s3500000045_K16,late_mid,greedy,16,964,1560,1560,1068,0,0,0,0,0,0.135,0.51176
greedy_s3500000045_K28,mid,greedy,28,1749,1749,1749,1749,1,1,1,1,1,0.395,0.69081
greedy_s3500000045_K40,early_mid,greedy,40,1649,1649,1649,1649,1,1,1,1,1,0.21,0.35436
greedy_s3500000045_K52,opening,greedy,52,1351,1351,1351,1543,0,0,0,1,1,0.845,0.51397
greedy_s3500000046_K10,pre_endgame,greedy,10,1326,1326,1326,1565,0,0,0,1,1,0.295,0.23936
greedy_s3500000046_K16,late_mid,greedy,16,1639,1638,1639,1637,0,0,0,0,1,0.13,0.22001
greedy_s3500000046_K28,mid,greedy,28,1243,1240,1240,1240,0,1,1,0,0,0.215,-0.15098
greedy_s3500000046_K40,early_mid,greedy,40,1561,1561,1561,1561,1,1,1,1,1,0.13,-0.41262
greedy_s3500000046_K52,opening,greedy,52,1456,1456,1456,1457,0,0,0,1,1,0.12,0.22899
greedy_s3500000047_K10,pre_endgame,greedy,10,761,761,645,761,1,1,0,1,0,0.1,-0.95409
greedy_s3500000047_K16,late_mid,greedy,16,757,740,740,757,1,0,0,0,0,0.175,-0.89477
greedy_s3500000047_K28,mid,greedy,28,1568,1568,1568,957,0,0,0,1,1,0.095,-0.94737
greedy_s3500000047_K40,early_mid,greedy,40,1656,1567,1659,744,0,0,0,0,0,0.1,-0.77007
greedy_s3500000047_K52,opening,greedy,52,1552,1552,1552,1036,0,0,0,1,1,0.555,-0.39177
greedy_s3500000048_K10,pre_endgame,greedy,10,934,1128,1227,745,0,0,0,0,0,0.49,-0.941
greedy_s3500000048_K16,late_mid,greedy,16,1061,1061,1061,1061,1,1,1,1,1,0.56,-0.83071
greedy_s3500000048_K28,mid,greedy,28,664,1364,1364,1364,0,1,1,0,0,0.45,-0.81066
greedy_s3500000048_K40,early_mid,greedy,40,1638,760,869,760,0,1,0,0,0,0.15,-0.28065
greedy_s3500000048_K52,opening,greedy,52,1539,1538,1539,1539,1,0,1,0,1,0.155,-0.40862
greedy_s3500000049_K10,pre_endgame,greedy,10,747,746,1360,1738,0,0,0,0,0,0.175,0.99201
greedy_s3500000049_K16,late_mid,greedy,16,754,754,754,754,1,1,1,1,1,0.49,0.99755
greedy_s3500000049_K28,mid,greedy,28,1646,1651,1651,1651,0,1,1,0,0,0.3,0.9541
greedy_s3500000049_K40,early_mid,greedy,40,858,1536,1536,1536,0,1,1,0,0,0.48,0.81435
greedy_s3500000049_K52,opening,greedy,52,1357,1545,1545,848,0,0,0,0,0,0.45,0.59812
heur3200_s3502000000_K10,pre_endgame,heur@3200,10,936,1165,1837,1041,0,0,0,0,0,0.16,-0.76308
heur3200_s3502000000_K16,late_mid,heur@3200,16,1633,1633,1633,1633,1,1,1,1,1,0.315,-0.77271
heur3200_s3502000000_K28,mid,heur@3200,28,651,1137,1137,1137,0,1,1,0,0,0.125,-0.70179
heur3200_s3502000000_K40,early_mid,heur@3200,40,1057,955,1653,1736,0,0,0,0,0,0.19,-0.50703
heur3200_s3502000000_K52,opening,heur@3200,52,1441,1441,1441,1536,0,0,0,1,1,0.185,-0.14801
heur3200_s3502000001_K10,pre_endgame,heur@3200,10,1073,1744,1744,1464,0,0,0,0,0,0.195,0.97181
heur3200_s3502000001_K16,late_mid,heur@3200,16,853,853,853,839,0,0,0,1,1,0.4,0.97663
heur3200_s3502000001_K28,mid,heur@3200,28,1656,1656,1656,1656,1,1,1,1,1,0.755,0.98011
heur3200_s3502000001_K40,early_mid,heur@3200,40,1132,1652,1652,1652,0,1,1,0,0,0.44,0.71578
heur3200_s3502000001_K52,opening,heur@3200,52,1061,1441,1441,1441,0,1,1,0,0,0.205,0.4361
heur3200_s3502000002_K10,pre_endgame,heur@3200,10,1483,1482,1482,1227,0,0,0,0,0,0.065,-0.86117
heur3200_s3502000002_K16,late_mid,heur@3200,16,841,841,725,1433,0,0,0,1,0,0.055,-0.56274
heur3200_s3502000002_K28,mid,heur@3200,28,952,948,952,1265,0,0,0,0,1,0.105,0.1663
heur3200_s3502000002_K40,early_mid,heur@3200,40,1157,1157,1157,1157,1,1,1,1,1,0.255,-0.07324
heur3200_s3502000002_K52,opening,heur@3200,52,952,952,955,955,0,0,1,1,0,0.165,-0.0941
heur3200_s3502000003_K10,pre_endgame,heur@3200,10,1038,1851,1844,1046,0,0,0,0,0,0.14,-0.7508
heur3200_s3502000003_K16,late_mid,heur@3200,16,754,754,754,754,1,1,1,1,1,0.09,-0.72927
heur3200_s3502000003_K28,mid,heur@3200,28,846,846,846,847,0,0,0,1,1,0.065,-0.86646
heur3200_s3502000003_K40,early_mid,heur@3200,40,1554,1648,1648,1464,0,0,0,0,0,0.155,-0.75924
heur3200_s3502000003_K52,opening,heur@3200,52,1240,1137,1137,1137,0,1,1,0,0,0.19,-0.22156
heur3200_s3502000004_K10,pre_endgame,heur@3200,10,1233,1233,1233,1233,1,1,1,1,1,0.305,0.53878
heur3200_s3502000004_K16,late_mid,heur@3200,16,951,951,951,951,1,1,1,1,1,0.525,0.72686
heur3200_s3502000004_K28,mid,heur@3200,28,1633,1632,1632,1062,0,0,0,0,0,0.09,-0.08328
heur3200_s3502000004_K40,early_mid,heur@3200,40,1457,1457,1457,1457,1,1,1,1,1,0.215,0.65944
heur3200_s3502000004_K52,opening,heur@3200,52,754,754,750,754,1,1,0,1,0,0.305,0.73984
heur3200_s3502000005_K10,pre_endgame,heur@3200,10,1361,1338,1361,1649,0,0,0,0,1,0.37,0.92207
heur3200_s3502000005_K16,late_mid,heur@3200,16,1645,1645,1645,1663,0,0,0,1,1,0.335,0.87755
heur3200_s3502000005_K28,mid,heur@3200,28,1763,1763,1763,1649,0,0,0,1,1,0.23,0.58988
heur3200_s3502000005_K40,early_mid,heur@3200,40,744,1460,1460,848,0,0,0,0,0,0.3,0.38773
heur3200_s3502000005_K52,opening,heur@3200,52,1548,1548,1548,1548,1,1,1,1,1,0.865,0.72874
heur3200_s3502000006_K10,pre_endgame,heur@3200,10,1535,1558,1558,632,0,0,0,0,0,0.07,-0.26019
heur3200_s3502000006_K16,late_mid,heur@3200,16,1534,1333,1534,1033,0,0,0,0,1,0.41,0.05364
heur3200_s3502000006_K28,mid,heur@3200,28,936,936,936,936,1,1,1,1,1,0.15,-0.92628
heur3200_s3502000006_K40,early_mid,heur@3200,40,1552,1552,1552,1552,1,1,1,1,1,0.47,-0.07684
heur3200_s3502000006_K52,opening,heur@3200,52,1651,1651,1651,1341,0,0,0,1,1,0.565,0.08165
heur3200_s3502000007_K10,pre_endgame,heur@3200,10,1131,1644,1644,1648,0,0,0,0,0,0.13,0.98309
heur3200_s3502000007_K16,late_mid,heur@3200,16,745,1232,1232,1232,0,1,1,0,0,0.19,0.88411
heur3200_s3502000007_K28,mid,heur@3200,28,848,848,848,848,1,1,1,1,1,0.125,0.94374
heur3200_s3502000007_K40,early_mid,heur@3200,40,1558,1636,1328,1557,0,0,0,0,0,0.11,0.84767
heur3200_s3502000007_K52,opening,heur@3200,52,1436,1436,1436,1432,0,0,0,1,1,0.31,0.3338
heur3200_s3502000008_K10,pre_endgame,heur@3200,10,844,760,844,760,0,1,0,0,1,0.26,-0.99747
heur3200_s3502000008_K16,late_mid,heur@3200,16,1654,1168,1124,1451,0,0,0,0,0,0.27,-0.99635
heur3200_s3502000008_K28,mid,heur@3200,28,1145,1145,1145,1145,1,1,1,1,1,0.275,-0.95509
heur3200_s3502000008_K40,early_mid,heur@3200,40,1034,1034,1034,1034,1,1,1,1,1,0.35,-0.59545
heur3200_s3502000008_K52,opening,heur@3200,52,1035,1234,1234,1035,1,0,0,0,0,0.115,-0.26313
heur3200_s3502000009_K10,pre_endgame,heur@3200,10,933,1754,933,933,1,0,1,0,1,0.39,0.7155
heur3200_s3502000009_K16,late_mid,heur@3200,16,1171,1171,1171,1171,1,1,1,1,1,0.875,0.62208
heur3200_s3502000009_K28,mid,heur@3200,28,1264,936,841,841,0,0,1,0,0,0.195,-0.0843
heur3200_s3502000009_K40,early_mid,heur@3200,40,1036,1064,1064,1136,0,0,0,0,0,0.415,-0.47937
heur3200_s3502000009_K52,opening,heur@3200,52,1542,1362,1362,1360,0,0,0,0,0,0.08,-0.61341
heur3200_s3502000010_K10,pre_endgame,heur@3200,10,1058,1058,1058,1058,1,1,1,1,1,0.405,-0.75403
heur3200_s3502000010_K16,late_mid,heur@3200,16,1169,1168,1168,968,0,0,0,0,0,0.08,-0.88975
heur3200_s3502000010_K28,mid,heur@3200,28,1554,1554,1554,1554,1,1,1,1,1,0.345,-0.82517
heur3200_s3502000010_K40,early_mid,heur@3200,40,1665,1166,1166,1166,0,1,1,0,0,0.115,-0.92935
heur3200_s3502000010_K52,opening,heur@3200,52,1342,1046,1342,1343,0,0,0,0,1,0.24,-0.71754
heur3200_s3502000011_K10,pre_endgame,heur@3200,10,939,936,939,939,1,0,1,0,1,0.215,0.47029
heur3200_s3502000011_K16,late_mid,heur@3200,16,1279,1276,1276,1276,0,1,1,0,0,0.09,0.32173
heur3200_s3502000011_K28,mid,heur@3200,28,939,939,939,1461,0,0,0,1,1,0.085,0.334
heur3200_s3502000011_K40,early_mid,heur@3200,40,1550,1550,1546,1546,0,0,1,1,0,0.14,0.51148
heur3200_s3502000011_K52,opening,heur@3200,52,1459,1459,1459,1459,1,1,1,1,1,0.24,0.51243
heur3200_s3502000012_K10,pre_endgame,heur@3200,10,1852,1852,1852,1733,0,0,0,1,1,0.715,-0.81685
heur3200_s3502000012_K16,late_mid,heur@3200,16,1129,1137,1556,846,0,0,0,0,0,0.14,-0.38672
heur3200_s3502000012_K28,mid,heur@3200,28,1638,1638,1638,1637,0,0,0,1,1,0.08,-0.06689
heur3200_s3502000012_K40,early_mid,heur@3200,40,1649,1649,1649,1044,0,0,0,1,1,0.2,-0.63137
heur3200_s3502000012_K52,opening,heur@3200,52,944,945,945,947,0,0,0,0,0,0.25,-0.22359
heur3200_s3502000013_K10,pre_endgame,heur@3200,10,1257,1432,833,1432,0,1,0,0,0,0.55,0.25242
heur3200_s3502000013_K16,late_mid,heur@3200,16,1336,1336,1336,1336,1,1,1,1,1,0.585,0.28937
heur3200_s3502000013_K28,mid,heur@3200,28,857,857,857,857,1,1,1,1,1,0.8,0.73965
heur3200_s3502000013_K40,early_mid,heur@3200,40,1156,1156,1156,1156,1,1,1,1,1,0.575,0.39473
heur3200_s3502000013_K52,opening,heur@3200,52,1558,1556,1558,1558,1,0,1,0,1,0.145,-0.23051
heur3200_s3502000014_K10,pre_endgame,heur@3200,10,858,858,858,858,1,1,1,1,1,0.45,0.40994
heur3200_s3502000014_K16,late_mid,heur@3200,16,864,864,864,864,1,1,1,1,1,0.3,0.28246
heur3200_s3502000014_K28,mid,heur@3200,28,1049,961,1049,1049,1,0,1,0,1,0.29,0.12151
heur3200_s3502000014_K40,early_mid,heur@3200,40,1060,1060,1060,1060,1,1,1,1,1,0.38,0.406
heur3200_s3502000014_K52,opening,heur@3200,52,958,958,958,958,1,1,1,1,1,0.83,-0.03255
heur3200_s3502000015_K10,pre_endgame,heur@3200,10,1654,1654,1654,1654,1,1,1,1,1,0.13,-0.26247
heur3200_s3502000015_K16,late_mid,heur@3200,16,1362,1356,1365,1367,0,0,0,0,0,0.085,-0.6707
heur3200_s3502000015_K28,mid,heur@3200,28,1429,1231,1431,1172,0,0,0,0,0,0.075,-0.46246
heur3200_s3502000015_K40,early_mid,heur@3200,40,1541,1541,1168,1541,1,1,0,1,0,0.635,-0.50122
heur3200_s3502000015_K52,opening,heur@3200,52,1050,1050,1050,1050,1,1,1,1,1,0.195,-0.24311
heur3200_s3502000016_K10,pre_endgame,heur@3200,10,1023,1022,1223,969,0,0,0,0,0,0.265,0.2571
heur3200_s3502000016_K16,late_mid,heur@3200,16,1532,1532,855,1638,0,0,0,1,0,0.125,-0.04147
heur3200_s3502000016_K28,mid,heur@3200,28,1558,1558,965,1558,1,1,0,1,0,0.095,-0.54277
heur3200_s3502000016_K40,early_mid,heur@3200,40,1034,1034,1540,1540,0,0,1,1,0,0.63,-0.73172
heur3200_s3502000016_K52,opening,heur@3200,52,958,958,958,1358,0,0,0,1,1,0.185,-0.85757
heur3200_s3502000017_K10,pre_endgame,heur@3200,10,1634,954,1740,1635,0,0,0,0,0,0.18,0.94043
heur3200_s3502000017_K16,late_mid,heur@3200,16,1641,1641,1641,1641,1,1,1,1,1,0.26,0.94284
heur3200_s3502000017_K28,mid,heur@3200,28,1666,1434,1666,1667,0,0,0,0,1,0.11,0.84482
heur3200_s3502000017_K40,early_mid,heur@3200,40,1264,1264,1161,1161,0,0,1,1,0,0.22,0.69642
heur3200_s3502000017_K52,opening,heur@3200,52,1454,1454,1454,1454,1,1,1,1,1,0.44,0.49201
heur3200_s3502000018_K10,pre_endgame,heur@3200,10,1280,1280,1280,1280,1,1,1,1,1,0.115,-0.70826
heur3200_s3502000018_K16,late_mid,heur@3200,16,1549,1549,1549,1549,1,1,1,1,1,0.2,-0.67977
heur3200_s3502000018_K28,mid,heur@3200,28,1343,1450,1343,1450,0,1,0,0,1,0.48,0.45995
heur3200_s3502000018_K40,early_mid,heur@3200,40,1359,1359,1359,1359,1,1,1,1,1,0.78,0.08396
heur3200_s3502000018_K52,opening,heur@3200,52,1358,1358,1358,1358,1,1,1,1,1,0.44,0.47269
heur3200_s3502000019_K10,pre_endgame,heur@3200,10,1751,1571,1571,1571,0,1,1,0,0,0.22,0.97303
heur3200_s3502000019_K16,late_mid,heur@3200,16,1566,1741,1657,1657,0,0,1,0,0,0.095,0.98275
heur3200_s3502000019_K28,mid,heur@3200,28,1137,1137,1137,1137,1,1,1,1,1,0.2,0.89336
heur3200_s3502000019_K40,early_mid,heur@3200,40,963,963,963,963,1,1,1,1,1,0.475,0.7452
heur3200_s3502000019_K52,opening,heur@3200,52,1045,1045,1045,1649,0,0,0,1,1,0.15,0.0607
heur3200_s3502000020_K10,pre_endgame,heur@3200,10,937,1840,937,937,1,0,1,0,1,0.17,-0.29091
heur3200_s3502000020_K16,late_mid,heur@3200,16,964,744,744,744,0,1,1,0,0,0.2,-0.26449
heur3200_s3502000020_K28,mid,heur@3200,28,840,1049,1049,1049,0,1,1,0,0,0.3,-0.28516
heur3200_s3502000020_K40,early_mid,heur@3200,40,1249,1249,1249,1249,1,1,1,1,1,0.81,0.40496
heur3200_s3502000020_K52,opening,heur@3200,52,1436,1436,1436,1440,0,0,0,1,1,0.27,0.08583
heur3200_s3502000021_K10,pre_endgame,heur@3200,10,1160,1160,1160,1160,1,1,1,1,1,0.205,-0.38859
heur3200_s3502000021_K16,late_mid,heur@3200,16,941,941,941,941,1,1,1,1,1,0.195,-0.80162
heur3200_s3502000021_K28,mid,heur@3200,28,1271,1271,1271,1271,1,1,1,1,1,0.65,-0.47008
heur3200_s3502000021_K40,early_mid,heur@3200,40,1337,1337,1337,1337,1,1,1,1,1,0.22,0.0769
heur3200_s3502000021_K52,opening,heur@3200,52,1364,1271,1271,1364,1,0,0,0,0,0.45,0.49391
heur3200_s3502000022_K10,pre_endgame,heur@3200,10,1748,1748,1748,1840,0,0,0,1,1,0.225,-0.42378
heur3200_s3502000022_K16,late_mid,heur@3200,16,1841,1268,1268,1838,0,0,0,0,0,0.16,-0.5371
heur3200_s3502000022_K28,mid,heur@3200,28,1063,1063,1063,1232,0,0,0,1,1,0.135,-0.23908
heur3200_s3502000022_K40,early_mid,heur@3200,40,1236,1032,1032,1236,1,0,0,0,0,0.425,-0.69696
heur3200_s3502000022_K52,opening,heur@3200,52,1455,1455,1455,1455,1,1,1,1,1,0.26,-0.37295
heur3200_s3502000023_K10,pre_endgame,heur@3200,10,1128,1227,1227,1743,0,0,0,0,0,0.12,-0.73113
heur3200_s3502000023_K16,late_mid,heur@3200,16,1425,1848,1848,1745,0,0,0,0,0,0.095,-0.68752
heur3200_s3502000023_K28,mid,heur@3200,28,1040,1467,1467,1539,0,0,0,0,0,0.23,-0.46964
heur3200_s3502000023_K40,early_mid,heur@3200,40,1063,1063,1063,1063,1,1,1,1,1,0.2,-0.53836
heur3200_s3502000023_K52,opening,heur@3200,52,1144,1144,1144,1144,1,1,1,1,1,0.245,-0.63075
heur3200_s3502000024_K10,pre_endgame,heur@3200,10,1746,1746,1746,1746,1,1,1,1,1,0.335,0.97995
heur3200_s3502000024_K16,late_mid,heur@3200,16,1749,1657,1657,1657,0,1,1,0,0,0.68,0.98138
heur3200_s3502000024_K28,mid,heur@3200,28,844,845,844,844,1,0,1,0,1,0.345,0.91934
heur3200_s3502000024_K40,early_mid,heur@3200,40,950,950,950,950,1,1,1,1,1,0.205,0.87419
heur3200_s3502000024_K52,opening,heur@3200,52,1444,1444,1452,1444,1,1,0,1,0,0.395,0.37142
heur3200_s3502000025_K10,pre_endgame,heur@3200,10,1345,1345,1345,1345,1,1,1,1,1,0.695,-0.96076
heur3200_s3502000025_K16,late_mid,heur@3200,16,1168,1168,1168,1168,1,1,1,1,1,0.145,-0.97107
heur3200_s3502000025_K28,mid,heur@3200,28,752,1753,753,1753,0,1,0,0,0,0.075,-0.8732
heur3200_s3502000025_K40,early_mid,heur@3200,40,1264,1264,1162,1267,0,0,0,1,0,0.145,0.09215
heur3200_s3502000025_K52,opening,heur@3200,52,953,953,953,1644,0,0,0,1,1,0.245,0.15702
heur3200_s3502000026_K10,pre_endgame,heur@3200,10,2043,1761,1667,1038,0,0,0,0,0,0.115,0.08504
heur3200_s3502000026_K16,late_mid,heur@3200,16,1457,640,1124,553,0,0,0,0,0,0.09,0.06843
heur3200_s3502000026_K28,mid,heur@3200,28,1840,644,1336,1560,0,0,0,0,0,0.105,-0.18117
heur3200_s3502000026_K40,early_mid,heur@3200,40,1336,1652,1440,1440,0,0,1,0,0,0.12,-0.44866
heur3200_s3502000026_K52,opening,heur@3200,52,1554,1361,1361,1133,0,0,0,0,0,0.115,-0.54492
heur3200_s3502000027_K10,pre_endgame,heur@3200,10,644,1940,1368,740,0,0,0,0,0,0.27,0.26126
heur3200_s3502000027_K16,late_mid,heur@3200,16,1073,1073,1073,1073,1,1,1,1,1,0.225,0.2934
heur3200_s3502000027_K28,mid,heur@3200,28,1840,1261,1261,1068,0,0,0,0,0,0.11,-0.2857
heur3200_s3502000027_K40,early_mid,heur@3200,40,966,1437,966,1645,0,0,0,0,1,0.075,-0.25781
heur3200_s3502000027_K52,opening,heur@3200,52,1143,1143,1143,1143,1,1,1,1,1,0.535,-0.42849
heur3200_s3502000028_K10,pre_endgame,heur@3200,10,1757,1170,1560,1170,0,1,0,0,0,0.435,0.1974
heur3200_s3502000028_K16,late_mid,heur@3200,16,1328,1328,1328,1328,1,1,1,1,1,0.25,-0.25927
heur3200_s3502000028_K28,mid,heur@3200,28,965,1447,1063,965,1,0,0,0,0,0.14,-0.37722
heur3200_s3502000028_K40,early_mid,heur@3200,40,1441,1441,1441,1441,1,1,1,1,1,0.385,0.30679
heur3200_s3502000028_K52,opening,heur@3200,52,1233,1233,1233,1233,1,1,1,1,1,0.935,0.48561
heur3200_s3502000029_K10,pre_endgame,heur@3200,10,1740,1740,1740,1740,1,1,1,1,1,0.595,-0.8009
heur3200_s3502000029_K16,late_mid,heur@3200,16,742,742,742,1545,0,0,0,1,1,0.1,-0.57873
heur3200_s3502000029_K28,mid,heur@3200,28,1643,1640,1647,1643,1,0,0,0,0,0.16,-0.32919
heur3200_s3502000029_K40,early_mid,heur@3200,40,1455,959,1347,959,0,1,0,0,0,0.725,-0.26276
heur3200_s3502000029_K52,opening,heur@3200,52,1040,1040,1040,1040,1,1,1,1,1,0.565,-0.00998
heur3200_s3502000030_K10,pre_endgame,heur@3200,10,1950,831,1065,1950,1,0,0,0,0,0.1,0.11153
heur3200_s3502000030_K16,late_mid,heur@3200,16,1329,1329,1329,1329,1,1,1,1,1,0.75,-0.03839
heur3200_s3502000030_K28,mid,heur@3200,28,1538,1035,1539,1538,1,0,0,0,0,0.245,0.81658
heur3200_s3502000030_K40,early_mid,heur@3200,40,1236,1436,1336,1236,1,0,0,0,0,0.165,0.93347
heur3200_s3502000030_K52,opening,heur@3200,52,1151,1151,1151,1151,1,1,1,1,1,0.355,0.6322
heur3200_s3502000031_K10,pre_endgame,heur@3200,10,964,964,964,964,1,1,1,1,1,0.175,0.85982
heur3200_s3502000031_K16,late_mid,heur@3200,16,1464,1465,1466,1464,1,0,0,0,0,0.225,0.70548
heur3200_s3502000031_K28,mid,heur@3200,28,1162,1158,1162,1271,0,0,0,0,1,0.25,0.63763
heur3200_s3502000031_K40,early_mid,heur@3200,40,1234,1234,1232,1232,0,0,1,1,0,0.245,0.57707
heur3200_s3502000031_K52,opening,heur@3200,52,1141,1141,1141,1141,1,1,1,1,1,0.71,0.48141
heur3200_s3502000032_K10,pre_endgame,heur@3200,10,1740,1740,1740,1740,1,1,1,1,1,0.1,0.35146
heur3200_s3502000032_K16,late_mid,heur@3200,16,633,633,633,633,1,1,1,1,1,0.085,0.12357
heur3200_s3502000032_K28,mid,heur@3200,28,952,1164,1164,952,1,0,0,0,0,0.195,-0.08048
heur3200_s3502000032_K40,early_mid,heur@3200,40,1252,1252,1252,1252,1,1,1,1,1,0.485,-0.08711
heur3200_s3502000032_K52,opening,heur@3200,52,1460,1460,1460,1460,1,1,1,1,1,0.485,-0.09799
heur3200_s3502000033_K10,pre_endgame,heur@3200,10,1550,1550,1550,1550,1,1,1,1,1,0.93,0.89946
heur3200_s3502000033_K16,late_mid,heur@3200,16,942,942,842,841,0,0,0,1,0,0.25,-0.17698
heur3200_s3502000033_K28,mid,heur@3200,28,1432,1435,1435,1432,1,0,0,0,0,0.325,-0.2605
heur3200_s3502000033_K40,early_mid,heur@3200,40,737,737,737,1438,0,0,0,1,1,0.11,-0.45805
heur3200_s3502000033_K52,opening,heur@3200,52,940,1369,1160,1037,0,0,0,0,0,0.185,-0.32611
heur3200_s3502000034_K10,pre_endgame,heur@3200,10,1857,1857,1857,1857,1,1,1,1,1,0.245,0.40505
heur3200_s3502000034_K16,late_mid,heur@3200,16,1540,1540,1749,1540,1,1,0,1,0,0.305,0.45134
heur3200_s3502000034_K28,mid,heur@3200,28,751,751,748,748,0,0,1,1,0,0.125,0.13149
heur3200_s3502000034_K40,early_mid,heur@3200,40,1437,1437,1437,1551,0,0,0,1,1,0.18,-0.66496
heur3200_s3502000034_K52,opening,heur@3200,52,944,1448,1448,1164,0,0,0,0,0,0.135,-0.32392
heur3200_s3502000035_K10,pre_endgame,heur@3200,10,1067,966,966,966,0,1,1,0,0,0.145,-0.81228
heur3200_s3502000035_K16,late_mid,heur@3200,16,860,860,860,863,0,0,0,1,1,0.24,-0.80271
heur3200_s3502000035_K28,mid,heur@3200,28,1561,1561,1750,657,0,0,0,1,0,0.08,-0.6101
heur3200_s3502000035_K40,early_mid,heur@3200,40,1641,1641,1641,1641,1,1,1,1,1,0.11,-0.6494
heur3200_s3502000035_K52,opening,heur@3200,52,1136,847,1338,1143,0,0,0,0,0,0.19,-0.569
heur3200_s3502000036_K10,pre_endgame,heur@3200,10,1242,1242,1242,1242,1,1,1,1,1,0.7,-0.70511
heur3200_s3502000036_K16,late_mid,heur@3200,16,1742,928,1560,748,0,0,0,0,0,0.175,-0.41455
heur3200_s3502000036_K28,mid,heur@3200,28,932,932,932,932,1,1,1,1,1,0.39,0.14034
heur3200_s3502000036_K40,early_mid,heur@3200,40,1539,1539,1539,1539,1,1,1,1,1,0.175,0.67082
heur3200_s3502000036_K52,opening,heur@3200,52,1161,1161,1161,1450,0,0,0,1,1,0.265,0.28886
heur3200_s3502000037_K10,pre_endgame,heur@3200,10,933,933,933,933,1,1,1,1,1,0.395,0.69902
heur3200_s3502000037_K16,late_mid,heur@3200,16,1471,930,930,1471,1,0,0,0,0,0.145,0.85343
heur3200_s3502000037_K28,mid,heur@3200,28,742,742,742,742,1,1,1,1,1,0.605,0.86867
heur3200_s3502000037_K40,early_mid,heur@3200,40,1540,1540,1540,1540,1,1,1,1,1,0.42,0.82763
heur3200_s3502000037_K52,opening,heur@3200,52,1339,1339,1339,1339,1,1,1,1,1,0.59,0.26901
heur3200_s3502000038_K10,pre_endgame,heur@3200,10,1748,1748,1748,1042,0,0,0,1,1,0.405,0.51766
heur3200_s3502000038_K16,late_mid,heur@3200,16,841,841,744,841,1,1,0,1,0,0.215,0.50086
heur3200_s3502000038_K28,mid,heur@3200,28,1328,1036,1036,1328,1,0,0,0,0,0.145,0.36927
heur3200_s3502000038_K40,early_mid,heur@3200,40,1333,853,853,1333,1,0,0,0,0,0.215,0.45058
heur3200_s3502000038_K52,opening,heur@3200,52,1440,1440,1440,1440,1,1,1,1,1,0.45,0.54294
heur3200_s3502000039_K10,pre_endgame,heur@3200,10,1660,1660,1660,1660,1,1,1,1,1,0.65,0.17477
heur3200_s3502000039_K16,late_mid,heur@3200,16,660,1328,660,1328,0,1,0,0,1,0.13,0.13627
heur3200_s3502000039_K28,mid,heur@3200,28,1849,844,1740,752,0,0,0,0,0,0.135,0.10299
heur3200_s3502000039_K40,early_mid,heur@3200,40,960,960,960,960,1,1,1,1,1,0.615,-0.23415
heur3200_s3502000039_K52,opening,heur@3200,52,1641,1641,1641,1141,0,0,0,1,1,0.105,-0.50262
heur3200_s3502000040_K10,pre_endgame,heur@3200,10,954,954,954,1739,0,0,0,1,1,0.87,0.66986
heur3200_s3502000040_K16,late_mid,heur@3200,16,1665,1665,1665,1665,1,1,1,1,1,0.195,0.63496
heur3200_s3502000040_K28,mid,heur@3200,28,1645,1645,1645,1645,1,1,1,1,1,0.385,0.5529
heur3200_s3502000040_K40,early_mid,heur@3200,40,1564,1564,1565,1564,1,1,0,1,0,0.195,0.48272
heur3200_s3502000040_K52,opening,heur@3200,52,1558,1558,1558,1558,1,1,1,1,1,0.32,-0.02689
heur3200_s3502000041_K10,pre_endgame,heur@3200,10,1157,1157,1157,1157,1,1,1,1,1,1.0,0.87707
heur3200_s3502000041_K16,late_mid,heur@3200,16,1237,1237,1237,1237,1,1,1,1,1,0.12,0.83742
heur3200_s3502000041_K28,mid,heur@3200,28,954,954,849,865,0,0,0,1,0,0.125,0.961
heur3200_s3502000041_K40,early_mid,heur@3200,40,940,940,940,940,1,1,1,1,1,0.38,0.81641
heur3200_s3502000041_K52,opening,heur@3200,52,949,1063,1063,950,0,0,0,0,0,0.305,0.78598
heur3200_s3502000042_K10,pre_endgame,heur@3200,10,1142,1142,1142,1670,0,0,0,1,1,0.985,0.62621
heur3200_s3502000042_K16,late_mid,heur@3200,16,1161,943,943,943,0,1,1,0,0,0.16,0.54914
heur3200_s3502000042_K28,mid,heur@3200,28,949,949,949,949,1,1,1,1,1,0.4,-0.18291
heur3200_s3502000042_K40,early_mid,heur@3200,40,950,950,954,954,0,0,1,1,0,0.16,-0.2854
heur3200_s3502000042_K52,opening,heur@3200,52,1044,1044,1044,1044,1,1,1,1,1,0.455,0.15043
heur3200_s3502000043_K10,pre_endgame,heur@3200,10,2053,1039,1039,736,0,0,0,0,0,0.07,-0.92179
heur3200_s3502000043_K16,late_mid,heur@3200,16,1060,1033,760,1033,0,1,0,0,0,0.07,-0.89613
heur3200_s3502000043_K28,mid,heur@3200,28,1566,1660,1663,1660,0,1,0,0,0,0.105,-0.72966
heur3200_s3502000043_K40,early_mid,heur@3200,40,1158,1158,1158,1158,1,1,1,1,1,0.195,-0.72172
heur3200_s3502000043_K52,opening,heur@3200,52,1256,1259,1654,1654,0,0,1,0,0,0.355,0.0956
heur3200_s3502000044_K10,pre_endgame,heur@3200,10,1368,1368,1368,1368,1,1,1,1,1,0.21,0.84831
heur3200_s3502000044_K16,late_mid,heur@3200,16,1633,1272,1121,1453,0,0,0,0,0,0.13,0.6752
heur3200_s3502000044_K28,mid,heur@3200,28,1034,842,1236,936,0,0,0,0,0,0.125,0.375
heur3200_s3502000044_K40,early_mid,heur@3200,40,1352,1352,1352,1352,1,1,1,1,1,0.375,0.26797
heur3200_s3502000044_K52,opening,heur@3200,52,1443,1336,1234,1143,0,0,0,0,0,0.105,0.22343
heur3200_s3502000045_K10,pre_endgame,heur@3200,10,1232,1232,1232,1232,1,1,1,1,1,0.445,0.06689
heur3200_s3502000045_K16,late_mid,heur@3200,16,1037,1037,1037,1037,1,1,1,1,1,0.175,0.05317
heur3200_s3502000045_K28,mid,heur@3200,28,745,745,745,745,1,1,1,1,1,0.145,0.14328
heur3200_s3502000045_K40,early_mid,heur@3200,40,1460,1263,1460,1366,0,0,0,0,1,0.215,0.53598
heur3200_s3502000045_K52,opening,heur@3200,52,1362,1257,1257,1362,1,0,0,0,0,0.23,0.6405
heur3200_s3502000046_K10,pre_endgame,heur@3200,10,1066,1066,1066,1066,1,1,1,1,1,0.415,-0.52257
heur3200_s3502000046_K16,late_mid,heur@3200,16,1544,932,932,1641,0,0,0,0,0,0.08,-0.49785
heur3200_s3502000046_K28,mid,heur@3200,28,1541,1541,1432,1541,1,1,0,1,0,0.13,0.13497
heur3200_s3502000046_K40,early_mid,heur@3200,40,1132,1132,1132,1132,1,1,1,1,1,0.115,0.35668
heur3200_s3502000046_K52,opening,heur@3200,52,1239,1239,1239,1239,1,1,1,1,1,0.415,0.33384
heur3200_s3502000047_K10,pre_endgame,heur@3200,10,449,449,449,1474,0,0,0,1,1,0.575,0.93721
heur3200_s3502000047_K16,late_mid,heur@3200,16,938,938,938,938,1,1,1,1,1,0.755,0.82707
heur3200_s3502000047_K28,mid,heur@3200,28,748,1551,1168,1229,0,0,0,0,0,0.05,0.31277
heur3200_s3502000047_K40,early_mid,heur@3200,40,1646,1646,1646,1646,1,1,1,1,1,0.315,0.71277
heur3200_s3502000047_K52,opening,heur@3200,52,1236,1236,1236,1236,1,1,1,1,1,0.33,0.38526
heur3200_s3502000048_K10,pre_endgame,heur@3200,10,1135,1135,1133,1135,1,1,0,1,0,0.155,-0.4348
heur3200_s3502000048_K16,late_mid,heur@3200,16,1332,1332,1332,1332,1,1,1,1,1,0.575,-0.72803
heur3200_s3502000048_K28,mid,heur@3200,28,960,852,852,836,0,0,0,0,0,0.42,-0.88496
heur3200_s3502000048_K40,early_mid,heur@3200,40,1333,1334,1333,1267,0,0,0,0,1,0.25,-0.85771
heur3200_s3502000048_K52,opening,heur@3200,52,1437,1437,1332,1332,0,0,1,1,0,0.205,-0.91079
heur3200_s3502000049_K10,pre_endgame,heur@3200,10,970,1129,867,1129,0,1,0,0,0,0.195,-0.99269
heur3200_s3502000049_K16,late_mid,heur@3200,16,1355,1355,1355,1355,1,1,1,1,1,0.12,-0.98814
heur3200_s3502000049_K28,mid,heur@3200,28,1557,1076,949,1637,0,0,0,0,0,0.145,-0.79904
heur3200_s3502000049_K40,early_mid,heur@3200,40,1540,1540,1540,1536,0,0,0,1,1,0.17,-0.2426
heur3200_s3502000049_K52,opening,heur@3200,52,1359,1359,1139,1359,1,1,0,1,0,0.1,-0.72787
hybrid_8_3200_s3503000000_K10,pre_endgame,hybrid:8:3200,10,968,1068,1228,836,0,0,0,0,0,0.175,-0.48365
hybrid_8_3200_s3503000000_K16,late_mid,hybrid:8:3200,16,1432,1843,1641,1360,0,0,0,0,0,0.48,-0.33071
hybrid_8_3200_s3503000000_K28,mid,hybrid:8:3200,28,848,849,848,851,0,0,0,0,1,0.16,-0.34082
hybrid_8_3200_s3503000000_K40,early_mid,hybrid:8:3200,40,861,1539,1538,1538,0,0,1,0,0,0.18,0.26818
hybrid_8_3200_s3503000000_K52,opening,hybrid:8:3200,52,944,944,944,944,1,1,1,1,1,0.36,0.38714
hybrid_8_3200_s3503000001_K10,pre_endgame,hybrid:8:3200,10,1846,858,933,1846,1,0,0,0,0,0.215,0.96726
hybrid_8_3200_s3503000001_K16,late_mid,hybrid:8:3200,16,1741,1741,1741,1741,1,1,1,1,1,0.3,0.95697
hybrid_8_3200_s3503000001_K28,mid,hybrid:8:3200,28,1060,1060,1060,848,0,0,0,1,1,0.095,0.60204
hybrid_8_3200_s3503000001_K40,early_mid,hybrid:8:3200,40,948,1754,948,948,1,0,1,0,1,0.45,-0.53113
hybrid_8_3200_s3503000001_K52,opening,hybrid:8:3200,52,1440,1440,1440,1440,1,1,1,1,1,0.635,-0.60542
hybrid_8_3200_s3503000002_K10,pre_endgame,hybrid:8:3200,10,1446,1446,1446,1446,1,1,1,1,1,0.555,-0.8989
hybrid_8_3200_s3503000002_K16,late_mid,hybrid:8:3200,16,1126,1220,944,947,0,0,0,0,0,0.14,-0.70593
hybrid_8_3200_s3503000002_K28,mid,hybrid:8:3200,28,1654,1467,1644,1654,1,0,0,0,0,0.325,0.40248
hybrid_8_3200_s3503000002_K40,early_mid,hybrid:8:3200,40,1460,1460,1438,1460,1,1,0,1,0,0.175,0.83095
hybrid_8_3200_s3503000002_K52,opening,hybrid:8:3200,52,1042,1041,1041,1042,1,0,0,0,0,0.335,0.7261
hybrid_8_3200_s3503000003_K10,pre_endgame,hybrid:8:3200,10,1742,1742,1742,1742,1,1,1,1,1,0.055,-0.90899
hybrid_8_3200_s3503000003_K16,late_mid,hybrid:8:3200,16,1428,1852,1852,1432,0,0,0,0,0,0.09,-0.86755
hybrid_8_3200_s3503000003_K28,mid,hybrid:8:3200,28,1564,839,1660,1744,0,0,0,0,0,0.065,-0.39402
hybrid_8_3200_s3503000003_K40,early_mid,hybrid:8:3200,40,1336,1336,1336,1336,1,1,1,1,1,0.23,0.35425
hybrid_8_3200_s3503000003_K52,opening,hybrid:8:3200,52,1457,1457,1457,1457,1,1,1,1,1,0.165,0.43092
hybrid_8_3200_s3503000004_K10,pre_endgame,hybrid:8:3200,10,1433,1433,1433,1640,0,0,0,1,1,0.165,-0.07942
hybrid_8_3200_s3503000004_K16,late_mid,hybrid:8:3200,16,754,754,754,754,1,1,1,1,1,0.14,-0.01909
hybrid_8_3200_s3503000004_K28,mid,hybrid:8:3200,28,1342,1342,1342,1061,0,0,0,1,1,0.095,0.48639
hybrid_8_3200_s3503000004_K40,early_mid,hybrid:8:3200,40,1460,1460,1460,1460,1,1,1,1,1,0.185,0.80515
hybrid_8_3200_s3503000004_K52,opening,hybrid:8:3200,52,1263,1263,1263,1263,1,1,1,1,1,0.825,0.17827
hybrid_8_3200_s3503000005_K10,pre_endgame,hybrid:8:3200,10,1573,1060,837,1765,0,0,0,0,0,0.07,0.38305
hybrid_8_3200_s3503000005_K16,late_mid,hybrid:8:3200,16,1330,1637,1636,1328,0,0,0,0,0,0.145,0.32784
hybrid_8_3200_s3503000005_K28,mid,hybrid:8:3200,28,1341,1341,1341,1341,1,1,1,1,1,0.535,0.01961
hybrid_8_3200_s3503000005_K40,early_mid,hybrid:8:3200,40,858,858,854,858,1,1,0,1,0,0.255,0.04006
hybrid_8_3200_s3503000005_K52,opening,hybrid:8:3200,52,844,844,844,844,1,1,1,1,1,0.25,0.53363
hybrid_8_3200_s3503000006_K10,pre_endgame,hybrid:8:3200,10,1638,1069,1633,1168,0,0,0,0,0,0.19,0.83267
hybrid_8_3200_s3503000006_K16,late_mid,hybrid:8:3200,16,1845,1845,1844,939,0,0,0,1,0,0.155,0.87113
hybrid_8_3200_s3503000006_K28,mid,hybrid:8:3200,28,1561,1166,1363,1164,0,0,0,0,0,0.11,0.97436
hybrid_8_3200_s3503000006_K40,early_mid,hybrid:8:3200,40,1634,940,852,940,0,1,0,0,0,0.14,0.99047
hybrid_8_3200_s3503000006_K52,opening,hybrid:8:3200,52,1059,1059,1059,1059,1,1,1,1,1,0.24,0.95357
hybrid_8_3200_s3503000007_K10,pre_endgame,hybrid:8:3200,10,1525,1525,1525,1525,1,1,1,1,1,0.635,0.36428
hybrid_8_3200_s3503000007_K16,late_mid,hybrid:8:3200,16,943,943,966,844,0,0,0,1,0,0.275,0.75868
hybrid_8_3200_s3503000007_K28,mid,hybrid:8:3200,28,953,952,968,970,0,0,0,0,0,0.21,0.19321
hybrid_8_3200_s3503000007_K40,early_mid,hybrid:8:3200,40,847,847,967,844,0,0,0,1,0,0.065,0.24078
hybrid_8_3200_s3503000007_K52,opening,hybrid:8:3200,52,1657,1657,1657,1646,0,0,0,1,1,0.1,-0.315
hybrid_8_3200_s3503000008_K10,pre_endgame,hybrid:8:3200,10,1543,1543,1543,1531,0,0,0,1,1,0.32,0.74179
hybrid_8_3200_s3503000008_K16,late_mid,hybrid:8:3200,16,840,832,1644,1660,0,0,0,0,0,0.09,0.45386
hybrid_8_3200_s3503000008_K28,mid,hybrid:8:3200,28,1368,1368,1368,1368,1,1,1,1,1,0.56,-0.20575
hybrid_8_3200_s3503000008_K40,early_mid,hybrid:8:3200,40,1168,1168,1168,1168,1,1,1,1,1,0.465,-0.72732
hybrid_8_3200_s3503000008_K52,opening,hybrid:8:3200,52,1037,1037,1037,1037,1,1,1,1,1,0.325,-0.65651
hybrid_8_3200_s3503000009_K10,pre_endgame,hybrid:8:3200,10,1233,1729,1729,1729,0,1,1,0,0,0.205,-0.91601
hybrid_8_3200_s3503000009_K16,late_mid,hybrid:8:3200,16,1367,751,759,1960,0,0,0,0,0,0.085,-0.78352
hybrid_8_3200_s3503000009_K28,mid,hybrid:8:3200,28,1640,1640,1545,1545,0,0,1,1,0,0.135,-0.26874
hybrid_8_3200_s3503000009_K40,early_mid,hybrid:8:3200,40,964,964,964,1643,0,0,0,1,1,0.1,0.00708
hybrid_8_3200_s3503000009_K52,opening,hybrid:8:3200,52,1556,1444,1444,1556,1,0,0,0,0,0.25,-0.35078
hybrid_8_3200_s3503000010_K10,pre_endgame,hybrid:8:3200,10,1541,1541,1541,1541,1,1,1,1,1,0.225,-0.03188
hybrid_8_3200_s3503000010_K16,late_mid,hybrid:8:3200,16,829,829,829,829,1,1,1,1,1,0.35,-0.22029
hybrid_8_3200_s3503000010_K28,mid,hybrid:8:3200,28,1542,1542,1542,1565,0,0,0,1,1,0.11,-0.75741
hybrid_8_3200_s3503000010_K40,early_mid,hybrid:8:3200,40,840,1152,1152,1464,0,0,0,0,0,0.295,-0.40061
hybrid_8_3200_s3503000010_K52,opening,hybrid:8:3200,52,1242,1242,1242,1242,1,1,1,1,1,0.57,0.08785
hybrid_8_3200_s3503000011_K10,pre_endgame,hybrid:8:3200,10,1535,1326,775,1532,0,0,0,0,0,0.245,0.98994
hybrid_8_3200_s3503000011_K16,late_mid,hybrid:8:3200,16,1548,747,1139,1324,0,0,0,0,0,0.935,0.99361
hybrid_8_3200_s3503000011_K28,mid,hybrid:8:3200,28,952,952,952,952,1,1,1,1,1,0.13,0.90402
hybrid_8_3200_s3503000011_K40,early_mid,hybrid:8:3200,40,964,964,964,964,1,1,1,1,1,0.35,0.7486
hybrid_8_3200_s3503000011_K52,opening,hybrid:8:3200,52,1337,1238,1337,1337,1,0,1,0,1,0.305,-0.30531
hybrid_8_3200_s3503000012_K10,pre_endgame,hybrid:8:3200,10,1741,1332,1332,1842,0,0,0,0,0,0.17,0.63503
hybrid_8_3200_s3503000012_K16,late_mid,hybrid:8:3200,16,1467,1334,1534,1334,0,1,0,0,0,0.115,-0.24608
hybrid_8_3200_s3503000012_K28,mid,hybrid:8:3200,28,861,861,861,861,1,1,1,1,1,0.515,-0.18192
hybrid_8_3200_s3503000012_K40,early_mid,hybrid:8:3200,40,1051,1051,1051,1051,1,1,1,1,1,0.505,0.26276
hybrid_8_3200_s3503000012_K52,opening,hybrid:8:3200,52,1551,1551,1551,1551,1,1,1,1,1,0.095,-0.03046
hybrid_8_3200_s3503000013_K10,pre_endgame,hybrid:8:3200,10,1224,865,1179,1131,0,0,0,0,0,0.17,-0.59147
hybrid_8_3200_s3503000013_K16,late_mid,hybrid:8:3200,16,1041,1041,1041,1041,1,1,1,1,1,0.27,-0.71879
hybrid_8_3200_s3503000013_K28,mid,hybrid:8:3200,28,1174,945,1231,857,0,0,0,0,0,0.14,-0.89267
hybrid_8_3200_s3503000013_K40,early_mid,hybrid:8:3200,40,1066,1066,1066,1041,0,0,0,1,1,0.31,-0.76332
hybrid_8_3200_s3503000013_K52,opening,hybrid:8:3200,52,1333,1333,1333,1333,1,1,1,1,1,0.235,-0.74823
hybrid_8_3200_s3503000014_K10,pre_endgame,hybrid:8:3200,10,1754,846,1466,732,0,0,0,0,0,0.245,-0.90105
hybrid_8_3200_s3503000014_K16,late_mid,hybrid:8:3200,16,862,862,866,866,0,0,1,1,0,0.21,-0.8821
hybrid_8_3200_s3503000014_K28,mid,hybrid:8:3200,28,1653,1660,1660,1653,1,0,0,0,0,0.27,-0.78327
hybrid_8_3200_s3503000014_K40,early_mid,hybrid:8:3200,40,1172,1267,1435,1533,0,0,0,0,0,0.05,-0.89842
hybrid_8_3200_s3503000014_K52,opening,hybrid:8:3200,52,1549,1160,1160,1337,0,0,0,0,0,0.13,-0.60391
hybrid_8_3200_s3503000015_K10,pre_endgame,hybrid:8:3200,10,1231,1360,746,1169,0,0,0,0,0,0.225,0.9114
hybrid_8_3200_s3503000015_K16,late_mid,hybrid:8:3200,16,1945,1060,836,1060,0,1,0,0,0,0.115,0.92041
hybrid_8_3200_s3503000015_K28,mid,hybrid:8:3200,28,1745,1745,1745,1745,1,1,1,1,1,0.14,0.64755
hybrid_8_3200_s3503000015_K40,early_mid,hybrid:8:3200,40,1365,1339,1339,1365,1,0,0,0,0,0.715,0.25065
hybrid_8_3200_s3503000015_K52,opening,hybrid:8:3200,52,1750,1750,1750,1750,1,1,1,1,1,0.14,-0.18112
hybrid_8_3200_s3503000016_K10,pre_endgame,hybrid:8:3200,10,1438,1438,1175,1278,0,0,0,1,0,0.23,-0.50477
hybrid_8_3200_s3503000016_K16,late_mid,hybrid:8:3200,16,1478,1956,1374,637,0,0,0,0,0,0.095,-0.4365
hybrid_8_3200_s3503000016_K28,mid,hybrid:8:3200,28,1468,840,1468,1037,0,0,0,0,1,0.1,-0.26308
hybrid_8_3200_s3503000016_K40,early_mid,hybrid:8:3200,40,1063,1063,1063,1063,1,1,1,1,1,0.1,0.09974
hybrid_8_3200_s3503000016_K52,opening,hybrid:8:3200,52,1644,1548,1644,1548,0,1,0,0,1,0.45,0.12561
hybrid_8_3200_s3503000017_K10,pre_endgame,hybrid:8:3200,10,1475,1475,1475,1036,0,0,0,1,1,0.16,-0.77291
hybrid_8_3200_s3503000017_K16,late_mid,hybrid:8:3200,16,1464,1464,1464,1656,0,0,0,1,1,0.32,-0.44206
hybrid_8_3200_s3503000017_K28,mid,hybrid:8:3200,28,1148,1148,1148,1148,1,1,1,1,1,0.42,-0.6953
hybrid_8_3200_s3503000017_K40,early_mid,hybrid:8:3200,40,1547,1547,1547,1547,1,1,1,1,1,0.385,-0.90315
hybrid_8_3200_s3503000017_K52,opening,hybrid:8:3200,52,1043,1234,1139,1541,0,0,0,0,0,0.225,-0.85509
hybrid_8_3200_s3503000018_K10,pre_endgame,hybrid:8:3200,10,1752,1064,1641,960,0,0,0,0,0,0.115,-0.58091
hybrid_8_3200_s3503000018_K16,late_mid,hybrid:8:3200,16,862,862,863,863,0,0,1,1,0,0.405,-0.25992
hybrid_8_3200_s3503000018_K28,mid,hybrid:8:3200,28,932,1132,1132,1132,0,1,1,0,0,0.165,0.79418
hybrid_8_3200_s3503000018_K40,early_mid,hybrid:8:3200,40,1660,1660,1660,1660,1,1,1,1,1,0.155,0.52888
hybrid_8_3200_s3503000018_K52,opening,hybrid:8:3200,52,1463,1463,1361,1463,1,1,0,1,0,0.535,-0.15738
hybrid_8_3200_s3503000019_K10,pre_endgame,hybrid:8:3200,10,1049,1565,1566,856,0,0,0,0,0,0.13,0.94024
hybrid_8_3200_s3503000019_K16,late_mid,hybrid:8:3200,16,1463,1463,1463,1463,1,1,1,1,1,0.46,0.92741
hybrid_8_3200_s3503000019_K28,mid,hybrid:8:3200,28,1348,1348,1348,1637,0,0,0,1,1,0.76,0.75506
hybrid_8_3200_s3503000019_K40,early_mid,hybrid:8:3200,40,1032,1035,1032,1032,1,0,1,0,1,0.21,0.44206
hybrid_8_3200_s3503000019_K52,opening,hybrid:8:3200,52,1236,1236,1152,1152,0,0,1,1,0,0.325,0.36172
hybrid_8_3200_s3503000020_K10,pre_endgame,hybrid:8:3200,10,1357,1357,1357,1068,0,0,0,1,1,0.215,0.55839
hybrid_8_3200_s3503000020_K16,late_mid,hybrid:8:3200,16,1161,1161,1161,1161,1,1,1,1,1,0.25,0.34395
hybrid_8_3200_s3503000020_K28,mid,hybrid:8:3200,28,955,955,955,1069,0,0,0,1,1,0.175,0.52113
hybrid_8_3200_s3503000020_K40,early_mid,hybrid:8:3200,40,1172,1172,1172,1172,1,1,1,1,1,0.69,0.50493
hybrid_8_3200_s3503000020_K52,opening,hybrid:8:3200,52,1039,1039,1546,1546,0,0,1,1,0,0.115,0.67891
hybrid_8_3200_s3503000021_K10,pre_endgame,hybrid:8:3200,10,1641,1641,1078,1476,0,0,0,1,0,0.15,0.57793
hybrid_8_3200_s3503000021_K16,late_mid,hybrid:8:3200,16,1378,1379,1376,1276,0,0,0,0,0,0.135,0.39433
hybrid_8_3200_s3503000021_K28,mid,hybrid:8:3200,28,1264,1264,1264,1264,1,1,1,1,1,0.575,0.32067
hybrid_8_3200_s3503000021_K40,early_mid,hybrid:8:3200,40,947,1545,1049,947,1,0,0,0,0,0.095,0.52257
hybrid_8_3200_s3503000021_K52,opening,hybrid:8:3200,52,1444,1448,1448,1448,0,1,1,0,0,0.295,0.6925
hybrid_8_3200_s3503000022_K10,pre_endgame,hybrid:8:3200,10,1837,1734,1836,1733,0,0,0,0,0,0.14,0.43306
hybrid_8_3200_s3503000022_K16,late_mid,hybrid:8:3200,16,1738,1737,1738,932,0,0,0,0,1,0.09,0.35281
hybrid_8_3200_s3503000022_K28,mid,hybrid:8:3200,28,852,852,852,852,1,1,1,1,1,0.11,0.28919
hybrid_8_3200_s3503000022_K40,early_mid,hybrid:8:3200,40,1563,1563,1563,1563,1,1,1,1,1,0.55,0.57897
hybrid_8_3200_s3503000022_K52,opening,hybrid:8:3200,52,1462,1463,1460,1462,1,0,0,0,0,0.2,0.49003
hybrid_8_3200_s3503000023_K10,pre_endgame,hybrid:8:3200,10,1438,1438,1438,1438,1,1,1,1,1,0.785,0.08646
hybrid_8_3200_s3503000023_K16,late_mid,hybrid:8:3200,16,1165,1435,1435,1435,0,1,1,0,0,0.165,-0.35341
hybrid_8_3200_s3503000023_K28,mid,hybrid:8:3200,28,936,1756,936,936,1,0,1,0,1,0.22,-0.36634
hybrid_8_3200_s3503000023_K40,early_mid,hybrid:8:3200,40,1443,1443,1443,1465,0,0,0,1,1,0.225,0.54702
hybrid_8_3200_s3503000023_K52,opening,hybrid:8:3200,52,1144,1144,1144,1144,1,1,1,1,1,0.565,0.05874
hybrid_8_3200_s3503000024_K10,pre_endgame,hybrid:8:3200,10,1740,1176,1740,1660,0,0,0,0,1,0.125,0.12906
hybrid_8_3200_s3503000024_K16,late_mid,hybrid:8:3200,16,1260,1736,1260,1232,0,0,0,0,1,0.135,0.20083
hybrid_8_3200_s3503000024_K28,mid,hybrid:8:3200,28,1070,1070,1070,1070,1,1,1,1,1,0.785,0.84636
hybrid_8_3200_s3503000024_K40,early_mid,hybrid:8:3200,40,1441,1441,1441,1441,1,1,1,1,1,0.895,0.66031
hybrid_8_3200_s3503000024_K52,opening,hybrid:8:3200,52,1358,1358,1444,1358,1,1,0,1,0,0.26,0.26024
hybrid_8_3200_s3503000025_K10,pre_endgame,hybrid:8:3200,10,1763,1763,959,1763,1,1,0,1,0,0.24,0.86497
hybrid_8_3200_s3503000025_K16,late_mid,hybrid:8:3200,16,553,553,861,553,1,1,0,1,0,0.095,0.79021
hybrid_8_3200_s3503000025_K28,mid,hybrid:8:3200,28,748,936,936,748,1,0,0,0,0,0.225,0.54243
hybrid_8_3200_s3503000025_K40,early_mid,hybrid:8:3200,40,1148,1259,1148,1148,1,0,1,0,1,0.27,0.06275
hybrid_8_3200_s3503000025_K52,opening,hybrid:8:3200,52,1257,1257,1258,1256,0,0,0,1,0,0.21,0.78223
hybrid_8_3200_s3503000026_K10,pre_endgame,hybrid:8:3200,10,1557,961,961,961,0,1,1,0,0,0.28,0.78432
hybrid_8_3200_s3503000026_K16,late_mid,hybrid:8:3200,16,856,1748,836,1852,0,0,0,0,0,0.16,0.74584
hybrid_8_3200_s3503000026_K28,mid,hybrid:8:3200,28,1640,1640,1640,1640,1,1,1,1,1,0.715,0.58928
hybrid_8_3200_s3503000026_K40,early_mid,hybrid:8:3200,40,1552,1552,1552,1552,1,1,1,1,1,0.69,0.38039
hybrid_8_3200_s3503000026_K52,opening,hybrid:8:3200,52,1157,1259,1259,1259,0,1,1,0,0,0.85,0.67232
hybrid_8_3200_s3503000027_K10,pre_endgame,hybrid:8:3200,10,1526,835,1366,1374,0,0,0,0,0,0.065,-0.98549
hybrid_8_3200_s3503000027_K16,late_mid,hybrid:8:3200,16,1749,939,944,1231,0,0,0,0,0,0.075,-0.98496
hybrid_8_3200_s3503000027_K28,mid,hybrid:8:3200,28,1128,1038,1365,1335,0,0,0,0,0,0.155,-0.98899
hybrid_8_3200_s3503000027_K40,early_mid,hybrid:8:3200,40,962,1265,1265,1265,0,1,1,0,0,0.08,-0.94319
hybrid_8_3200_s3503000027_K52,opening,hybrid:8:3200,52,1357,1357,1357,1357,1,1,1,1,1,0.535,-0.60168
hybrid_8_3200_s3503000028_K10,pre_endgame,hybrid:8:3200,10,1267,1467,1467,1467,0,1,1,0,0,0.205,-0.32258
hybrid_8_3200_s3503000028_K16,late_mid,hybrid:8:3200,16,1481,1383,1481,1760,0,0,0,0,1,0.275,-0.12825
hybrid_8_3200_s3503000028_K28,mid,hybrid:8:3200,28,1142,1142,944,1142,1,1,0,1,0,0.42,0.09959
hybrid_8_3200_s3503000028_K40,early_mid,hybrid:8:3200,40,1365,1365,1365,1365,1,1,1,1,1,0.22,-0.1106
hybrid_8_3200_s3503000028_K52,opening,hybrid:8:3200,52,1164,1164,1060,1060,0,0,1,1,0,0.325,0.04769
hybrid_8_3200_s3503000029_K10,pre_endgame,hybrid:8:3200,10,650,650,650,650,1,1,1,1,1,0.21,0.91152
hybrid_8_3200_s3503000029_K16,late_mid,hybrid:8:3200,16,1329,1327,1327,1527,0,0,0,0,0,0.21,0.85679
hybrid_8_3200_s3503000029_K28,mid,hybrid:8:3200,28,1640,1640,1640,1628,0,0,0,1,1,0.115,0.70621
hybrid_8_3200_s3503000029_K40,early_mid,hybrid:8:3200,40,1452,1452,1452,1370,0,0,0,1,1,0.32,0.68561
hybrid_8_3200_s3503000029_K52,opening,hybrid:8:3200,52,1363,1360,1360,1363,1,0,0,0,0,0.26,-0.36602
hybrid_8_3200_s3503000030_K10,pre_endgame,hybrid:8:3200,10,1632,1632,1632,1632,1,1,1,1,1,0.14,0.86184
hybrid_8_3200_s3503000030_K16,late_mid,hybrid:8:3200,16,941,941,941,941,1,1,1,1,1,0.715,0.78933
hybrid_8_3200_s3503000030_K28,mid,hybrid:8:3200,28,1332,1332,1332,1332,1,1,1,1,1,0.475,0.65794
hybrid_8_3200_s3503000030_K40,early_mid,hybrid:8:3200,40,954,954,954,954,1,1,1,1,1,0.955,0.34535
hybrid_8_3200_s3503000030_K52,opening,hybrid:8:3200,52,1043,1138,1137,1137,0,0,1,0,0,0.265,0.26333
hybrid_8_3200_s3503000031_K10,pre_endgame,hybrid:8:3200,10,848,1274,848,849,0,0,0,0,1,0.225,0.97711
hybrid_8_3200_s3503000031_K16,late_mid,hybrid:8:3200,16,1065,1065,1065,1065,1,1,1,1,1,0.225,0.9613
hybrid_8_3200_s3503000031_K28,mid,hybrid:8:3200,28,946,946,946,946,1,1,1,1,1,0.285,0.97769
hybrid_8_3200_s3503000031_K40,early_mid,hybrid:8:3200,40,1133,937,1133,937,0,1,0,0,1,0.11,0.9071
hybrid_8_3200_s3503000031_K52,opening,hybrid:8:3200,52,1268,1268,1268,1244,0,0,0,1,1,0.315,0.39837
hybrid_8_3200_s3503000032_K10,pre_endgame,hybrid:8:3200,10,1737,1737,1144,1859,0,0,0,1,0,0.605,0.96639
hybrid_8_3200_s3503000032_K16,late_mid,hybrid:8:3200,16,944,1171,1041,1264,0,0,0,0,0,0.215,0.98376
hybrid_8_3200_s3503000032_K28,mid,hybrid:8:3200,28,1165,1265,1845,1845,0,0,1,0,0,0.29,0.98247
hybrid_8_3200_s3503000032_K40,early_mid,hybrid:8:3200,40,1256,1256,1256,1256,1,1,1,1,1,0.35,0.90531
hybrid_8_3200_s3503000032_K52,opening,hybrid:8:3200,52,1260,850,850,850,0,1,1,0,0,0.47,0.55522
hybrid_8_3200_s3503000033_K10,pre_endgame,hybrid:8:3200,10,762,1628,1635,1628,0,1,0,0,0,0.26,-0.9309
hybrid_8_3200_s3503000033_K16,late_mid,hybrid:8:3200,16,1640,1640,1640,1640,1,1,1,1,1,0.605,-0.96765
hybrid_8_3200_s3503000033_K28,mid,hybrid:8:3200,28,1529,1529,1656,1529,1,1,0,1,0,0.18,-0.53136
hybrid_8_3200_s3503000033_K40,early_mid,hybrid:8:3200,40,1436,1436,1436,1436,1,1,1,1,1,0.705,0.37698
hybrid_8_3200_s3503000033_K52,opening,hybrid:8:3200,52,1436,1436,1436,1436,1,1,1,1,1,0.495,-0.04486
hybrid_8_3200_s3503000034_K10,pre_endgame,hybrid:8:3200,10,1070,1070,836,1070,1,1,0,1,0,0.155,0.70631
hybrid_8_3200_s3503000034_K16,late_mid,hybrid:8:3200,16,1445,832,1545,1575,0,0,0,0,0,0.44,0.76318
hybrid_8_3200_s3503000034_K28,mid,hybrid:8:3200,28,963,844,952,830,0,0,0,0,0,0.415,0.72687
hybrid_8_3200_s3503000034_K40,early_mid,hybrid:8:3200,40,1231,1337,1337,1230,0,0,0,0,0,0.165,0.79005
hybrid_8_3200_s3503000034_K52,opening,hybrid:8:3200,52,1336,1469,1233,1336,1,0,0,0,0,0.185,-0.08883
hybrid_8_3200_s3503000035_K10,pre_endgame,hybrid:8:3200,10,1731,1731,1731,1731,1,1,1,1,1,0.12,0.67564
hybrid_8_3200_s3503000035_K16,late_mid,hybrid:8:3200,16,1560,644,1564,1832,0,0,0,0,0,0.13,0.50194
hybrid_8_3200_s3503000035_K28,mid,hybrid:8:3200,28,1360,1360,1360,1360,1,1,1,1,1,0.36,0.04523
hybrid_8_3200_s3503000035_K40,early_mid,hybrid:8:3200,40,1158,1641,1744,1158,1,0,0,0,0,0.075,0.55639
hybrid_8_3200_s3503000035_K52,opening,hybrid:8:3200,52,1657,1657,1657,1657,1,1,1,1,1,0.165,0.52158
hybrid_8_3200_s3503000036_K10,pre_endgame,hybrid:8:3200,10,936,1556,936,936,1,0,1,0,1,0.155,0.45169
hybrid_8_3200_s3503000036_K16,late_mid,hybrid:8:3200,16,837,1756,1856,1328,0,0,0,0,0,0.14,0.85211
hybrid_8_3200_s3503000036_K28,mid,hybrid:8:3200,28,1164,1164,1432,1164,1,1,0,1,0,0.255,0.65206
hybrid_8_3200_s3503000036_K40,early_mid,hybrid:8:3200,40,945,945,945,945,1,1,1,1,1,0.185,0.7836
hybrid_8_3200_s3503000036_K52,opening,hybrid:8:3200,52,1140,1140,1140,1140,1,1,1,1,1,0.285,0.66818
hybrid_8_3200_s3503000037_K10,pre_endgame,hybrid:8:3200,10,1325,1031,1028,742,0,0,0,0,0,0.12,-0.63416
hybrid_8_3200_s3503000037_K16,late_mid,hybrid:8:3200,16,1164,1164,1164,1164,1,1,1,1,1,0.62,-0.53187
hybrid_8_3200_s3503000037_K28,mid,hybrid:8:3200,28,1036,1036,1036,1036,1,1,1,1,1,0.115,-0.46825
hybrid_8_3200_s3503000037_K40,early_mid,hybrid:8:3200,40,1050,1050,1050,1050,1,1,1,1,1,0.79,-0.13073
hybrid_8_3200_s3503000037_K52,opening,hybrid:8:3200,52,1459,1260,1459,1551,0,0,0,0,1,0.075,0.04885
hybrid_8_3200_s3503000038_K10,pre_endgame,hybrid:8:3200,10,1436,1558,1558,1530,0,0,0,0,0,0.275,0.97891
hybrid_8_3200_s3503000038_K16,late_mid,hybrid:8:3200,16,1246,1246,1246,1246,1,1,1,1,1,0.52,0.95651
hybrid_8_3200_s3503000038_K28,mid,hybrid:8:3200,28,1029,1029,1029,1029,1,1,1,1,1,0.085,0.3284
hybrid_8_3200_s3503000038_K40,early_mid,hybrid:8:3200,40,1324,1324,1324,1324,1,1,1,1,1,0.235,0.01652
hybrid_8_3200_s3503000038_K52,opening,hybrid:8:3200,52,1232,1540,1540,1540,0,1,1,0,0,0.175,0.55647
hybrid_8_3200_s3503000039_K10,pre_endgame,hybrid:8:3200,10,1565,840,1565,978,0,0,0,0,1,0.31,0.96179
hybrid_8_3200_s3503000039_K16,late_mid,hybrid:8:3200,16,1660,1661,1661,1661,0,1,1,0,0,0.205,0.8938
hybrid_8_3200_s3503000039_K28,mid,hybrid:8:3200,28,1069,1069,747,1558,0,0,0,1,0,0.15,0.87208
hybrid_8_3200_s3503000039_K40,early_mid,hybrid:8:3200,40,1050,1050,1050,1050,1,1,1,1,1,0.265,0.52081
hybrid_8_3200_s3503000039_K52,opening,hybrid:8:3200,52,1654,1654,1654,1654,1,1,1,1,1,0.285,0.59556
hybrid_8_3200_s3503000040_K10,pre_endgame,hybrid:8:3200,10,1772,1772,837,838,0,0,0,1,0,0.42,0.86901
hybrid_8_3200_s3503000040_K16,late_mid,hybrid:8:3200,16,1540,1540,1540,1436,0,0,0,1,1,0.3,0.85892
hybrid_8_3200_s3503000040_K28,mid,hybrid:8:3200,28,1665,1271,1268,1035,0,0,0,0,0,0.13,0.20578
hybrid_8_3200_s3503000040_K40,early_mid,hybrid:8:3200,40,1131,1543,1131,1128,0,0,0,0,1,0.12,-0.48868
hybrid_8_3200_s3503000040_K52,opening,hybrid:8:3200,52,1161,1161,1161,1161,1,1,1,1,1,0.725,-0.59637
hybrid_8_3200_s3503000041_K10,pre_endgame,hybrid:8:3200,10,942,940,1844,1169,0,0,0,0,0,0.105,0.92356
hybrid_8_3200_s3503000041_K16,late_mid,hybrid:8:3200,16,1845,1464,1464,1845,1,0,0,0,0,0.63,0.92984
hybrid_8_3200_s3503000041_K28,mid,hybrid:8:3200,28,1460,1460,1460,861,0,0,0,1,1,0.235,0.78241
hybrid_8_3200_s3503000041_K40,early_mid,hybrid:8:3200,40,1162,1648,1648,1160,0,0,0,0,0,0.17,0.69592
hybrid_8_3200_s3503000041_K52,opening,hybrid:8:3200,52,1448,1448,1448,1448,1,1,1,1,1,0.425,0.24598
hybrid_8_3200_s3503000042_K10,pre_endgame,hybrid:8:3200,10,1644,1644,1644,1644,1,1,1,1,1,0.305,0.04136
hybrid_8_3200_s3503000042_K16,late_mid,hybrid:8:3200,16,853,854,847,853,1,0,0,0,0,0.16,0.18955
hybrid_8_3200_s3503000042_K28,mid,hybrid:8:3200,28,1042,1043,1042,1042,1,0,1,0,1,0.17,-0.01725
hybrid_8_3200_s3503000042_K40,early_mid,hybrid:8:3200,40,952,945,945,945,0,1,1,0,0,0.16,-0.00732
hybrid_8_3200_s3503000042_K52,opening,hybrid:8:3200,52,1129,1045,1045,1453,0,0,0,0,0,0.37,0.40672
hybrid_8_3200_s3503000043_K10,pre_endgame,hybrid:8:3200,10,1635,1661,1637,1637,0,0,1,0,0,0.125,0.96295
hybrid_8_3200_s3503000043_K16,late_mid,hybrid:8:3200,16,975,966,1076,1632,0,0,0,0,0,0.13,0.98887
hybrid_8_3200_s3503000043_K28,mid,hybrid:8:3200,28,1227,1227,1227,1227,1,1,1,1,1,0.225,0.92173
hybrid_8_3200_s3503000043_K40,early_mid,hybrid:8:3200,40,1444,1444,1231,1551,0,0,0,1,0,0.5,0.88991
hybrid_8_3200_s3503000043_K52,opening,hybrid:8:3200,52,1365,1365,1365,1365,1,1,1,1,1,0.18,0.66266
hybrid_8_3200_s3503000044_K10,pre_endgame,hybrid:8:3200,10,655,1635,767,1950,0,0,0,0,0,0.23,-0.99127
hybrid_8_3200_s3503000044_K16,late_mid,hybrid:8:3200,16,1466,1738,1941,656,0,0,0,0,0,0.33,-0.98681
hybrid_8_3200_s3503000044_K28,mid,hybrid:8:3200,28,1334,1334,1334,1334,1,1,1,1,1,0.07,-0.96887
hybrid_8_3200_s3503000044_K40,early_mid,hybrid:8:3200,40,948,947,1265,1264,0,0,0,0,0,0.135,-0.95839
hybrid_8_3200_s3503000044_K52,opening,hybrid:8:3200,52,1265,1361,1361,1266,0,0,0,0,0,0.17,-0.87774
hybrid_8_3200_s3503000045_K10,pre_endgame,hybrid:8:3200,10,1558,1558,651,841,0,0,0,1,0,0.415,0.25749
hybrid_8_3200_s3503000045_K16,late_mid,hybrid:8:3200,16,2048,652,1364,1269,0,0,0,0,0,0.125,0.28755
hybrid_8_3200_s3503000045_K28,mid,hybrid:8:3200,28,748,750,748,748,1,0,1,0,1,0.155,0.56089
hybrid_8_3200_s3503000045_K40,early_mid,hybrid:8:3200,40,655,1040,1040,1040,0,1,1,0,0,0.17,0.17119
hybrid_8_3200_s3503000045_K52,opening,hybrid:8:3200,52,755,752,1351,1351,0,0,1,0,0,0.16,0.4894
hybrid_8_3200_s3503000046_K10,pre_endgame,hybrid:8:3200,10,1651,1651,1651,1651,1,1,1,1,1,0.42,-0.54105
hybrid_8_3200_s3503000046_K16,late_mid,hybrid:8:3200,16,954,756,954,954,1,0,1,0,1,0.47,-0.60257
hybrid_8_3200_s3503000046_K28,mid,hybrid:8:3200,28,1036,1036,1452,1036,1,1,0,1,0,0.225,0.14289
hybrid_8_3200_s3503000046_K40,early_mid,hybrid:8:3200,40,844,844,844,844,1,1,1,1,1,0.65,0.31683
hybrid_8_3200_s3503000046_K52,opening,hybrid:8:3200,52,944,944,944,944,1,1,1,1,1,0.22,0.59307
hybrid_8_3200_s3503000047_K10,pre_endgame,hybrid:8:3200,10,862,862,862,862,1,1,1,1,1,0.685,0.514
hybrid_8_3200_s3503000047_K16,late_mid,hybrid:8:3200,16,1169,1433,1169,1469,0,0,0,0,1,0.06,-0.02782
hybrid_8_3200_s3503000047_K28,mid,hybrid:8:3200,28,1265,862,1033,1141,0,0,0,0,0,0.16,-0.06704
hybrid_8_3200_s3503000047_K40,early_mid,hybrid:8:3200,40,1139,1139,1139,1139,1,1,1,1,1,0.23,-0.00766
hybrid_8_3200_s3503000047_K52,opening,hybrid:8:3200,52,1440,1644,1644,1140,0,0,0,0,0,0.435,-0.08054
hybrid_8_3200_s3503000048_K10,pre_endgame,hybrid:8:3200,10,852,852,852,852,1,1,1,1,1,0.115,-0.22573
hybrid_8_3200_s3503000048_K16,late_mid,hybrid:8:3200,16,836,836,836,836,1,1,1,1,1,0.5,-0.34897
hybrid_8_3200_s3503000048_K28,mid,hybrid:8:3200,28,1062,1062,1062,1062,1,1,1,1,1,0.59,-0.29872
hybrid_8_3200_s3503000048_K40,early_mid,hybrid:8:3200,40,1050,1050,1050,1050,1,1,1,1,1,0.23,-0.83459
hybrid_8_3200_s3503000048_K52,opening,hybrid:8:3200,52,1242,1242,1242,1242,1,1,1,1,1,0.655,-0.2489
hybrid_8_3200_s3503000049_K10,pre_endgame,hybrid:8:3200,10,1340,1340,1343,1036,0,0,0,1,0,0.095,-0.25651
hybrid_8_3200_s3503000049_K16,late_mid,hybrid:8:3200,16,1644,2069,1446,956,0,0,0,0,0,0.255,0.32454
hybrid_8_3200_s3503000049_K28,mid,hybrid:8:3200,28,824,824,824,824,1,1,1,1,1,0.38,0.18393
hybrid_8_3200_s3503000049_K40,early_mid,hybrid:8:3200,40,1752,1752,1752,1752,1,1,1,1,1,0.295,0.73847
hybrid_8_3200_s3503000049_K52,opening,hybrid:8:3200,52,1032,1448,1137,1032,1,0,0,0,0,0.195,0.32801
iter8_s3501000000_K10,pre_endgame,iter8,10,948,1852,1852,948,1,0,0,0,0,0.295,-0.9004
iter8_s3501000000_K16,late_mid,iter8,16,1643,754,825,1338,0,0,0,0,0,0.215,-0.64217
iter8_s3501000000_K28,mid,iter8,28,1657,950,950,1657,1,0,0,0,0,0.19,-0.09106
iter8_s3501000000_K40,early_mid,iter8,40,932,932,1032,1137,0,0,0,1,0,0.23,0.39251
iter8_s3501000000_K52,opening,iter8,52,940,940,940,940,1,1,1,1,1,0.43,0.41077
iter8_s3501000001_K10,pre_endgame,iter8,10,1626,1646,1646,1265,0,0,0,0,0,0.095,-0.47121
iter8_s3501000001_K16,late_mid,iter8,16,736,852,852,736,1,0,0,0,0,0.185,-0.5273
iter8_s3501000001_K28,mid,iter8,28,839,839,839,839,1,1,1,1,1,0.095,-0.80777
iter8_s3501000001_K40,early_mid,iter8,40,1361,1361,1361,840,0,0,0,1,1,0.095,-0.27493
iter8_s3501000001_K52,opening,iter8,52,1549,1548,1548,1551,0,0,0,0,0,0.32,-0.09982
iter8_s3501000002_K10,pre_endgame,iter8,10,1652,1652,1652,1652,1,1,1,1,1,0.295,-0.26026
iter8_s3501000002_K16,late_mid,iter8,16,1661,1757,1757,1758,0,0,0,0,0,0.145,-0.56555
iter8_s3501000002_K28,mid,iter8,28,971,971,971,971,1,1,1,1,1,0.12,-0.66207
iter8_s3501000002_K40,early_mid,iter8,40,1235,1239,1329,1239,0,1,0,0,0,0.115,-0.24069
iter8_s3501000002_K52,opening,iter8,52,947,945,945,947,1,0,0,0,0,0.185,0.17445
iter8_s3501000003_K10,pre_endgame,iter8,10,1546,1855,1546,1855,0,1,0,0,1,0.235,0.6941
iter8_s3501000003_K16,late_mid,iter8,16,1859,1858,1858,1858,0,1,1,0,0,0.12,0.7613
iter8_s3501000003_K28,mid,iter8,28,1539,1760,1760,1441,0,0,0,0,0,0.18,0.72178
iter8_s3501000003_K40,early_mid,iter8,40,849,850,849,850,0,1,0,0,1,0.275,0.61104
iter8_s3501000003_K52,opening,iter8,52,1333,1449,1449,1449,0,1,1,0,0,0.77,0.54632
iter8_s3501000004_K10,pre_endgame,iter8,10,1633,1633,1633,1633,1,1,1,1,1,0.095,-0.91052
iter8_s3501000004_K16,late_mid,iter8,16,1665,648,1666,1665,1,0,0,0,0,0.085,-0.7713
iter8_s3501000004_K28,mid,iter8,28,760,1568,1568,1568,0,1,1,0,0,0.21,-0.26103
iter8_s3501000004_K40,early_mid,iter8,40,1360,1360,1360,1360,1,1,1,1,1,0.36,0.1548
iter8_s3501000004_K52,opening,iter8,52,1436,1436,1436,1436,1,1,1,1,1,0.285,0.56226
iter8_s3501000005_K10,pre_endgame,iter8,10,963,963,963,963,1,1,1,1,1,0.68,0.81139
iter8_s3501000005_K16,late_mid,iter8,16,1840,1840,1840,1840,1,1,1,1,1,0.195,0.8854
iter8_s3501000005_K28,mid,iter8,28,1458,1458,1458,1458,1,1,1,1,1,0.62,0.76903
iter8_s3501000005_K40,early_mid,iter8,40,1252,1252,1252,1252,1,1,1,1,1,0.755,0.41237
iter8_s3501000005_K52,opening,iter8,52,1163,1163,1162,1162,0,0,1,1,0,0.24,0.14529
iter8_s3501000006_K10,pre_endgame,iter8,10,854,1747,1747,1747,0,1,1,0,0,0.36,0.9714
iter8_s3501000006_K16,late_mid,iter8,16,751,751,751,751,1,1,1,1,1,0.46,0.95963
iter8_s3501000006_K28,mid,iter8,28,751,751,751,1454,0,0,0,1,1,0.25,0.81248
iter8_s3501000006_K40,early_mid,iter8,40,1643,1643,1643,1643,1,1,1,1,1,0.28,0.68083
iter8_s3501000006_K52,opening,iter8,52,1041,1041,1041,1041,1,1,1,1,1,0.9,0.67882
iter8_s3501000007_K10,pre_endgame,iter8,10,1335,1335,1335,1335,1,1,1,1,1,0.16,0.85397
iter8_s3501000007_K16,late_mid,iter8,16,931,931,931,931,1,1,1,1,1,0.225,0.84738
iter8_s3501000007_K28,mid,iter8,28,931,931,1752,931,1,1,0,1,0,0.33,0.90747
iter8_s3501000007_K40,early_mid,iter8,40,1056,1056,1056,1056,1,1,1,1,1,0.155,0.77403
iter8_s3501000007_K52,opening,iter8,52,1355,1355,1355,1355,1,1,1,1,1,0.19,0.67413
iter8_s3501000008_K10,pre_endgame,iter8,10,1432,1432,1432,1432,1,1,1,1,1,0.12,-0.66192
iter8_s3501000008_K16,late_mid,iter8,16,1428,1572,1572,1668,0,0,0,0,0,0.2,-0.64251
iter8_s3501000008_K28,mid,iter8,28,1324,833,1537,1537,0,0,1,0,0,0.115,-0.40499
iter8_s3501000008_K40,early_mid,iter8,40,1540,1540,1540,1540,1,1,1,1,1,0.185,0.27902
iter8_s3501000008_K52,opening,iter8,52,1260,1260,1260,1260,1,1,1,1,1,0.255,0.06879
iter8_s3501000009_K10,pre_endgame,iter8,10,1133,1133,1133,1133,1,1,1,1,1,0.265,0.79474
iter8_s3501000009_K16,late_mid,iter8,16,1038,1038,1038,1749,0,0,0,1,1,0.265,0.5996
iter8_s3501000009_K28,mid,iter8,28,841,1360,1360,1360,0,1,1,0,0,0.175,0.24819
iter8_s3501000009_K40,early_mid,iter8,40,1657,1353,1353,1557,0,0,0,0,0,0.2,0.30194
iter8_s3501000009_K52,opening,iter8,52,855,855,855,1456,0,0,0,1,1,0.36,-0.02335
iter8_s3501000010_K10,pre_endgame,iter8,10,1656,1656,1656,1656,1,1,1,1,1,0.22,0.46667
iter8_s3501000010_K16,late_mid,iter8,16,1241,1241,1241,1241,1,1,1,1,1,0.545,0.37128
iter8_s3501000010_K28,mid,iter8,28,1663,1469,1660,1469,0,1,0,0,0,0.175,0.0184
iter8_s3501000010_K40,early_mid,iter8,40,1336,849,1336,1336,1,0,1,0,1,0.295,-0.08798
iter8_s3501000010_K52,opening,iter8,52,1458,954,954,1458,1,0,0,0,0,0.38,0.124
iter8_s3501000011_K10,pre_endgame,iter8,10,869,1528,1528,1118,0,0,0,0,0,0.645,0.6628
iter8_s3501000011_K16,late_mid,iter8,16,1126,1126,1217,1218,0,0,0,1,0,0.155,0.68635
iter8_s3501000011_K28,mid,iter8,28,1124,1324,1324,1124,1,0,0,0,0,0.13,0.71579
iter8_s3501000011_K40,early_mid,iter8,40,1448,1448,1448,1448,1,1,1,1,1,0.32,0.31471
iter8_s3501000011_K52,opening,iter8,52,1456,1456,1456,1456,1,1,1,1,1,0.375,0.32442
iter8_s3501000012_K10,pre_endgame,iter8,10,1138,1326,1138,1138,1,0,1,0,1,0.175,-0.95205
iter8_s3501000012_K16,late_mid,iter8,16,660,660,660,660,1,1,1,1,1,0.125,-0.94058
iter8_s3501000012_K28,mid,iter8,28,1357,1358,1356,1357,1,0,0,0,0,0.11,-0.98139
iter8_s3501000012_K40,early_mid,iter8,40,1237,1237,1237,1237,1,1,1,1,1,0.16,-0.89554
iter8_s3501000012_K52,opening,iter8,52,1558,1156,1145,1145,0,0,1,0,0,0.38,-0.60303
iter8_s3501000013_K10,pre_endgame,iter8,10,866,867,867,867,0,1,1,0,0,0.075,-0.61288
iter8_s3501000013_K16,late_mid,iter8,16,856,856,856,856,1,1,1,1,1,0.135,-0.53767
iter8_s3501000013_K28,mid,iter8,28,1531,862,861,862,0,1,0,0,0,0.13,-0.63022
iter8_s3501000013_K40,early_mid,iter8,40,1168,1536,1265,1265,0,0,1,0,0,0.09,-0.68759
iter8_s3501000013_K52,opening,iter8,52,1341,1362,1341,1341,1,0,1,0,1,0.185,-0.66384
iter8_s3501000014_K10,pre_endgame,iter8,10,1074,1074,1563,1026,0,0,0,1,0,0.195,-0.74321
iter8_s3501000014_K16,late_mid,iter8,16,836,947,947,836,1,0,0,0,0,0.155,-0.6941
iter8_s3501000014_K28,mid,iter8,28,1073,1125,1073,1536,0,0,0,0,1,0.11,-0.39441
iter8_s3501000014_K40,early_mid,iter8,40,929,1439,1439,963,0,0,0,0,0,0.105,-0.45117
iter8_s3501000014_K52,opening,iter8,52,1164,1164,1167,1167,0,0,1,1,0,0.365,-0.26198
iter8_s3501000015_K10,pre_endgame,iter8,10,1453,1453,1453,1453,1,1,1,1,1,0.635,-0.28623
iter8_s3501000015_K16,late_mid,iter8,16,1447,1447,1447,1447,1,1,1,1,1,0.095,-0.50652
iter8_s3501000015_K28,mid,iter8,28,1163,1163,1163,1447,0,0,0,1,1,0.24,-0.58815
iter8_s3501000015_K40,early_mid,iter8,40,936,939,1464,1271,0,0,0,0,0,0.065,0.16358
iter8_s3501000015_K52,opening,iter8,52,1456,1456,1456,1456,1,1,1,1,1,0.12,0.42036
iter8_s3501000016_K10,pre_endgame,iter8,10,1134,1134,1062,1133,0,0,0,1,0,0.53,0.8201
iter8_s3501000016_K16,late_mid,iter8,16,1361,1361,1361,1361,1,1,1,1,1,0.38,0.68591
iter8_s3501000016_K28,mid,iter8,28,1567,1567,1567,1567,1,1,1,1,1,0.25,0.42992
iter8_s3501000016_K40,early_mid,iter8,40,1341,1341,1341,1341,1,1,1,1,1,0.245,-0.61421
iter8_s3501000016_K52,opening,iter8,52,957,957,957,844,0,0,0,1,1,0.26,-0.40717
iter8_s3501000017_K10,pre_endgame,iter8,10,1461,1461,1461,1461,1,1,1,1,1,0.625,0.98039
iter8_s3501000017_K16,late_mid,iter8,16,1748,1748,1748,1748,1,1,1,1,1,0.585,0.96783
iter8_s3501000017_K28,mid,iter8,28,1655,1535,1535,1655,1,0,0,0,0,0.115,0.86735
iter8_s3501000017_K40,early_mid,iter8,40,1036,1648,1056,737,0,0,0,0,0,0.195,0.81826
iter8_s3501000017_K52,opening,iter8,52,1340,1340,1340,1340,1,1,1,1,1,0.615,0.54803
iter8_s3501000018_K10,pre_endgame,iter8,10,648,758,1224,757,0,0,0,0,0,0.07,-0.98223
iter8_s3501000018_K16,late_mid,iter8,16,1530,1123,1958,960,0,0,0,0,0,0.04,-0.9724
iter8_s3501000018_K28,mid,iter8,28,1650,1655,1226,748,0,0,0,0,0,0.125,-0.85724
iter8_s3501000018_K40,early_mid,iter8,40,1456,1456,1456,1456,1,1,1,1,1,0.23,-0.66797
iter8_s3501000018_K52,opening,iter8,52,1548,1438,1335,1456,0,0,0,0,0,0.1,-0.398
iter8_s3501000019_K10,pre_endgame,iter8,10,1233,1233,1233,1233,1,1,1,1,1,0.24,0.90108
iter8_s3501000019_K16,late_mid,iter8,16,1434,1434,1434,1434,1,1,1,1,1,0.615,0.71861
iter8_s3501000019_K28,mid,iter8,28,1629,1629,1629,1629,1,1,1,1,1,0.56,0.33223
iter8_s3501000019_K40,early_mid,iter8,40,1533,1533,1533,1533,1,1,1,1,1,0.115,-0.74389
iter8_s3501000019_K52,opening,iter8,52,1450,1450,957,1450,1,1,0,1,0,0.14,-0.78195
iter8_s3501000020_K10,pre_endgame,iter8,10,1757,968,1836,560,0,0,0,0,0,0.24,-0.32815
iter8_s3501000020_K16,late_mid,iter8,16,864,836,836,764,0,0,0,0,0,0.14,-0.58738
iter8_s3501000020_K28,mid,iter8,28,1552,1552,1552,1552,1,1,1,1,1,0.59,-0.46063
iter8_s3501000020_K40,early_mid,iter8,40,1168,758,758,1171,0,0,0,0,0,0.105,-0.30489
iter8_s3501000020_K52,opening,iter8,52,1160,1160,1160,1160,1,1,1,1,1,0.275,0.3177
iter8_s3501000021_K10,pre_endgame,iter8,10,1828,1828,956,1828,1,1,0,1,0,0.135,0.63593
iter8_s3501000021_K16,late_mid,iter8,16,956,1628,1628,1628,0,1,1,0,0,0.1,0.65609
iter8_s3501000021_K28,mid,iter8,28,1130,1130,1130,1325,0,0,0,1,1,0.7,0.22723
iter8_s3501000021_K40,early_mid,iter8,40,1135,1461,1135,1135,1,0,1,0,1,0.105,-0.15944
iter8_s3501000021_K52,opening,iter8,52,1454,1253,1253,1454,1,0,0,0,0,0.255,-0.09496
iter8_s3501000022_K10,pre_endgame,iter8,10,1327,1752,1728,646,0,0,0,0,0,0.11,0.81541
iter8_s3501000022_K16,late_mid,iter8,16,1657,1657,1658,1658,0,0,1,1,0,0.145,0.79924
iter8_s3501000022_K28,mid,iter8,28,1366,1367,1365,1365,0,0,1,0,0,0.7,0.75186
iter8_s3501000022_K40,early_mid,iter8,40,1260,1260,1260,1260,1,1,1,1,1,0.645,0.75842
iter8_s3501000022_K52,opening,iter8,52,1454,1454,1454,1454,1,1,1,1,1,0.325,-0.25408
iter8_s3501000023_K10,pre_endgame,iter8,10,1070,1070,1177,1070,1,1,0,1,0,0.08,-0.98584
iter8_s3501000023_K16,late_mid,iter8,16,1333,1333,1333,1333,1,1,1,1,1,0.24,-0.98554
iter8_s3501000023_K28,mid,iter8,28,1540,845,956,956,0,0,1,0,0,0.135,-0.98396
iter8_s3501000023_K40,early_mid,iter8,40,1654,854,1328,1655,0,0,0,0,0,0.08,-0.98306
iter8_s3501000023_K52,opening,iter8,52,952,1235,1235,953,0,0,0,0,0,0.14,-0.92089
iter8_s3501000024_K10,pre_endgame,iter8,10,1035,1034,1034,1035,1,0,0,0,0,0.085,-0.80206
iter8_s3501000024_K16,late_mid,iter8,16,1032,1032,1034,1034,0,0,1,1,0,0.135,-0.64693
iter8_s3501000024_K28,mid,iter8,28,946,946,946,946,1,1,1,1,1,0.605,0.10402
iter8_s3501000024_K40,early_mid,iter8,40,1042,1042,1042,1042,1,1,1,1,1,0.38,-0.63595
iter8_s3501000024_K52,opening,iter8,52,1156,1156,1156,1357,0,0,0,1,1,0.25,-0.47577
iter8_s3501000025_K10,pre_endgame,iter8,10,762,762,762,762,1,1,1,1,1,0.625,0.93736
iter8_s3501000025_K16,late_mid,iter8,16,660,760,1844,1844,0,0,1,0,0,0.29,0.9053
iter8_s3501000025_K28,mid,iter8,28,1843,1843,1843,1842,0,0,0,1,1,0.45,0.38202
iter8_s3501000025_K40,early_mid,iter8,40,1267,1361,1067,1361,0,1,0,0,0,0.195,-0.23337
iter8_s3501000025_K52,opening,iter8,52,1244,1161,1161,1161,0,1,1,0,0,0.22,0.12346
iter8_s3501000026_K10,pre_endgame,iter8,10,1368,1368,1368,1368,1,1,1,1,1,0.55,-0.26707
iter8_s3501000026_K16,late_mid,iter8,16,957,1531,1531,1762,0,0,0,0,0,0.1,-0.20059
iter8_s3501000026_K28,mid,iter8,28,1540,1540,1540,1540,1,1,1,1,1,0.395,-0.34065
iter8_s3501000026_K40,early_mid,iter8,40,1270,1270,1270,1270,1,1,1,1,1,0.745,0.09078
iter8_s3501000026_K52,opening,iter8,52,1344,1344,1344,1344,1,1,1,1,1,0.215,0.72175
iter8_s3501000027_K10,pre_endgame,iter8,10,1765,1753,629,1753,0,1,0,0,0,0.165,0.43756
iter8_s3501000027_K16,late_mid,iter8,16,1246,1246,1246,1246,1,1,1,1,1,0.485,0.30595
iter8_s3501000027_K28,mid,iter8,28,1764,1764,1764,1764,1,1,1,1,1,0.66,-0.30474
iter8_s3501000027_K40,early_mid,iter8,40,1661,1661,1661,1661,1,1,1,1,1,0.31,-0.31641
iter8_s3501000027_K52,opening,iter8,52,1354,1354,1354,1354,1,1,1,1,1,0.84,-0.0571
iter8_s3501000028_K10,pre_endgame,iter8,10,1936,1064,1840,1172,0,0,0,0,0,0.085,-0.98779
iter8_s3501000028_K16,late_mid,iter8,16,1070,1070,1070,1069,0,0,0,1,1,0.685,-0.93501
iter8_s3501000028_K28,mid,iter8,28,943,1746,943,937,0,0,0,0,1,0.065,-0.85976
iter8_s3501000028_K40,early_mid,iter8,40,1045,1644,1644,1644,0,1,1,0,0,0.155,-0.88809
iter8_s3501000028_K52,opening,iter8,52,1546,1235,1452,1545,0,0,0,0,0,0.145,-0.82064
iter8_s3501000029_K10,pre_endgame,iter8,10,750,848,1441,1573,0,0,0,0,0,0.075,-0.78928
iter8_s3501000029_K16,late_mid,iter8,16,932,1169,1169,1441,0,0,0,0,0,0.065,-0.77328
iter8_s3501000029_K28,mid,iter8,28,1161,1161,1161,1441,0,0,0,1,1,0.285,-0.71372
iter8_s3501000029_K40,early_mid,iter8,40,1540,1540,1540,1540,1,1,1,1,1,0.675,-0.4697
iter8_s3501000029_K52,opening,iter8,52,1142,1142,1142,1142,1,1,1,1,1,0.815,0.4541
iter8_s3501000030_K10,pre_endgame,iter8,10,1367,1166,1166,1166,0,1,1,0,0,0.34,0.98845
iter8_s3501000030_K16,late_mid,iter8,16,1160,1160,1160,1032,0,0,0,1,1,0.31,0.94353
iter8_s3501000030_K28,mid,iter8,28,943,943,943,943,1,1,1,1,1,0.185,0.64288
iter8_s3501000030_K40,early_mid,iter8,40,1653,1653,1653,1653,1,1,1,1,1,0.185,0.37506
iter8_s3501000030_K52,opening,iter8,52,1457,1457,1457,1456,0,0,0,1,1,0.46,0.27386
iter8_s3501000031_K10,pre_endgame,iter8,10,828,828,828,828,1,1,1,1,1,0.105,0.47982
iter8_s3501000031_K16,late_mid,iter8,16,839,1532,839,1439,0,0,0,0,1,0.195,0.46697
iter8_s3501000031_K28,mid,iter8,28,1471,1471,1471,1471,1,1,1,1,1,0.335,-0.50757
iter8_s3501000031_K40,early_mid,iter8,40,1462,1162,1462,1461,0,0,0,0,1,0.08,-0.41006
iter8_s3501000031_K52,opening,iter8,52,850,850,850,850,1,1,1,1,1,0.695,-0.25069
iter8_s3501000032_K10,pre_endgame,iter8,10,758,758,757,757,0,0,1,1,0,0.095,-0.89369
iter8_s3501000032_K16,late_mid,iter8,16,753,1558,1558,1558,0,1,1,0,0,0.115,-0.77843
iter8_s3501000032_K28,mid,iter8,28,1644,1644,1540,1448,0,0,0,1,0,0.26,-0.77158
iter8_s3501000032_K40,early_mid,iter8,40,1334,1335,1335,1335,0,1,1,0,0,0.385,-0.15229
iter8_s3501000032_K52,opening,iter8,52,1364,1364,1364,1364,1,1,1,1,1,0.365,-0.26137
iter8_s3501000033_K10,pre_endgame,iter8,10,868,868,868,868,1,1,1,1,1,0.32,-0.03448
iter8_s3501000033_K16,late_mid,iter8,16,1425,1425,1425,1425,1,1,1,1,1,0.685,-0.14907
iter8_s3501000033_K28,mid,iter8,28,943,943,943,943,1,1,1,1,1,0.115,-0.93853
iter8_s3501000033_K40,early_mid,iter8,40,1462,1166,1166,942,0,0,0,0,0,0.095,-0.95321
iter8_s3501000033_K52,opening,iter8,52,845,845,845,963,0,0,0,1,1,0.235,-0.68501
iter8_s3501000034_K10,pre_endgame,iter8,10,1335,1529,1529,1335,1,0,0,0,0,0.19,-0.75276
iter8_s3501000034_K16,late_mid,iter8,16,1040,1040,1040,1040,1,1,1,1,1,0.15,-0.90992
iter8_s3501000034_K28,mid,iter8,28,1553,1535,964,1553,1,0,0,0,0,0.085,-0.9402
iter8_s3501000034_K40,early_mid,iter8,40,1261,1166,1166,1167,0,0,0,0,0,0.08,-0.72266
iter8_s3501000034_K52,opening,iter8,52,1452,1452,1452,1452,1,1,1,1,1,0.445,-0.20147
iter8_s3501000035_K10,pre_endgame,iter8,10,1669,1669,1844,1429,0,0,0,1,0,0.12,-0.58067
iter8_s3501000035_K16,late_mid,iter8,16,1634,1144,1634,1139,0,0,0,0,1,0.385,-0.31506
iter8_s3501000035_K28,mid,iter8,28,859,859,859,859,1,1,1,1,1,0.325,-0.85439
iter8_s3501000035_K40,early_mid,iter8,40,753,753,753,1060,0,0,0,1,1,0.12,-0.59048
iter8_s3501000035_K52,opening,iter8,52,1439,1439,1439,1439,1,1,1,1,1,0.33,-0.78035
iter8_s3501000036_K10,pre_endgame,iter8,10,847,844,844,847,1,0,0,0,0,0.295,0.19957
iter8_s3501000036_K16,late_mid,iter8,16,1266,1266,1266,1266,1,1,1,1,1,0.365,0.09751
iter8_s3501000036_K28,mid,iter8,28,1753,1852,1852,1473,0,0,0,0,0,0.145,-0.07779
iter8_s3501000036_K40,early_mid,iter8,40,1034,1035,1034,1034,1,0,1,0,1,0.095,-0.09773
iter8_s3501000036_K52,opening,iter8,52,943,943,1167,948,0,0,0,1,0,0.315,0.51475
iter8_s3501000037_K10,pre_endgame,iter8,10,1744,1744,1744,1744,1,1,1,1,1,0.405,0.21415
iter8_s3501000037_K16,late_mid,iter8,16,1645,1645,1645,1645,1,1,1,1,1,0.26,-0.09661
iter8_s3501000037_K28,mid,iter8,28,1436,1436,1436,1436,1,1,1,1,1,0.21,-0.88566
iter8_s3501000037_K40,early_mid,iter8,40,945,1435,1753,945,1,0,0,0,0,0.09,-0.24864
iter8_s3501000037_K52,opening,iter8,52,1160,1160,1161,1161,0,0,1,1,0,0.235,-0.04958
iter8_s3501000038_K10,pre_endgame,iter8,10,1178,1377,1374,744,0,0,0,0,0,0.07,-0.76379
iter8_s3501000038_K16,late_mid,iter8,16,654,1126,1275,1332,0,0,0,0,0,0.13,-0.77436
iter8_s3501000038_K28,mid,iter8,28,1364,1537,1740,1636,0,0,0,0,0,0.17,-0.38501
iter8_s3501000038_K40,early_mid,iter8,40,1141,1143,1143,1143,0,1,1,0,0,0.265,0.68573
iter8_s3501000038_K52,opening,iter8,52,1159,1359,1359,1359,0,1,1,0,0,0.915,0.40809
iter8_s3501000039_K10,pre_endgame,iter8,10,939,936,936,939,1,0,0,0,0,0.14,0.86684
iter8_s3501000039_K16,late_mid,iter8,16,1572,1572,1572,1572,1,1,1,1,1,0.115,0.90009
iter8_s3501000039_K28,mid,iter8,28,1263,1645,1645,1263,1,0,0,0,0,0.34,0.96707
iter8_s3501000039_K40,early_mid,iter8,40,1158,1158,1343,1158,1,1,0,1,0,0.33,0.95555
iter8_s3501000039_K52,opening,iter8,52,1367,1367,1367,1262,0,0,0,1,1,0.395,0.91843
iter8_s3501000040_K10,pre_endgame,iter8,10,848,2052,1640,1068,0,0,0,0,0,0.125,0.62815
iter8_s3501000040_K16,late_mid,iter8,16,1570,1570,1571,1570,1,1,0,1,0,0.14,0.89433
iter8_s3501000040_K28,mid,iter8,28,959,959,959,959,1,1,1,1,1,0.49,0.54979
iter8_s3501000040_K40,early_mid,iter8,40,740,740,740,740,1,1,1,1,1,0.15,0.04338
iter8_s3501000040_K52,opening,iter8,52,1055,1055,1055,1055,1,1,1,1,1,0.53,-0.53774
iter8_s3501000041_K10,pre_endgame,iter8,10,650,837,837,1957,0,0,0,0,0,0.57,0.10808
iter8_s3501000041_K16,late_mid,iter8,16,854,854,854,854,1,1,1,1,1,0.36,0.0671
iter8_s3501000041_K28,mid,iter8,28,754,1560,1743,1367,0,0,0,0,0,0.15,0.19401
iter8_s3501000041_K40,early_mid,iter8,40,647,1455,1455,1554,0,0,0,0,0,0.16,0.6355
iter8_s3501000041_K52,opening,iter8,52,943,1339,1457,1339,0,1,0,0,0,0.26,0.70046
iter8_s3501000042_K10,pre_endgame,iter8,10,1028,864,1325,1028,1,0,0,0,0,0.305,0.98333
iter8_s3501000042_K16,late_mid,iter8,16,1168,1265,1265,661,0,0,0,0,0,0.15,0.98143
iter8_s3501000042_K28,mid,iter8,28,968,968,1645,1128,0,0,0,1,0,0.17,0.52288
iter8_s3501000042_K40,early_mid,iter8,40,1240,1240,1240,1240,1,1,1,1,1,0.72,0.17693
iter8_s3501000042_K52,opening,iter8,52,959,1336,1336,1336,0,1,1,0,0,0.3,-0.11469
iter8_s3501000043_K10,pre_endgame,iter8,10,861,957,957,957,0,1,1,0,0,0.145,0.77287
iter8_s3501000043_K16,late_mid,iter8,16,954,954,954,954,1,1,1,1,1,0.285,0.74953
iter8_s3501000043_K28,mid,iter8,28,745,832,832,745,1,0,0,0,0,0.47,0.88303
iter8_s3501000043_K40,early_mid,iter8,40,1647,1647,1646,1647,1,1,0,1,0,0.095,0.08054
iter8_s3501000043_K52,opening,iter8,52,1556,1556,1556,1463,0,0,0,1,1,0.09,-0.07391
iter8_s3501000044_K10,pre_endgame,iter8,10,1630,1625,1169,1850,0,0,0,0,0,0.07,-0.82147
iter8_s3501000044_K16,late_mid,iter8,16,956,956,956,956,1,1,1,1,1,0.135,-0.87466
iter8_s3501000044_K28,mid,iter8,28,1533,1434,1533,1533,1,0,1,0,1,0.14,-0.8916
iter8_s3501000044_K40,early_mid,iter8,40,846,1366,1366,1366,0,1,1,0,0,0.105,-0.94378
iter8_s3501000044_K52,opening,iter8,52,1441,1441,1441,1441,1,1,1,1,1,0.155,-0.84846
iter8_s3501000045_K10,pre_endgame,iter8,10,734,829,829,734,1,0,0,0,0,0.3,0.02206
iter8_s3501000045_K16,late_mid,iter8,16,829,1061,829,1572,0,0,0,0,1,0.555,0.19135
iter8_s3501000045_K28,mid,iter8,28,1437,1437,1437,1437,1,1,1,1,1,0.51,0.04507
iter8_s3501000045_K40,early_mid,iter8,40,1347,1347,1347,1347,1,1,1,1,1,0.47,0.24408
iter8_s3501000045_K52,opening,iter8,52,1561,937,937,1156,0,0,0,0,0,0.135,0.67557
iter8_s3501000046_K10,pre_endgame,iter8,10,1468,1258,1469,1468,1,0,0,0,0,0.175,0.60216
iter8_s3501000046_K16,late_mid,iter8,16,1468,1328,1328,1328,0,1,1,0,0,0.165,0.2708
iter8_s3501000046_K28,mid,iter8,28,1459,1459,1459,1459,1,1,1,1,1,0.755,-0.33865
iter8_s3501000046_K40,early_mid,iter8,40,849,1365,965,849,1,0,0,0,0,0.12,-0.85762
iter8_s3501000046_K52,opening,iter8,52,754,959,1158,1261,0,0,0,0,0,0.085,-0.75247
iter8_s3501000047_K10,pre_endgame,iter8,10,1316,1316,1316,1316,1,1,1,1,1,0.115,-0.97919
iter8_s3501000047_K16,late_mid,iter8,16,954,954,954,954,1,1,1,1,1,0.13,-0.9874
iter8_s3501000047_K28,mid,iter8,28,1227,1227,1227,1227,1,1,1,1,1,0.215,-0.6847
iter8_s3501000047_K40,early_mid,iter8,40,1227,1227,1227,1227,1,1,1,1,1,0.405,-0.15229
iter8_s3501000047_K52,opening,iter8,52,1449,1449,1449,1132,0,0,0,1,1,0.195,-0.10305
iter8_s3501000048_K10,pre_endgame,iter8,10,741,665,1748,741,1,0,0,0,0,0.105,0.77022
iter8_s3501000048_K16,late_mid,iter8,16,843,843,843,843,1,1,1,1,1,0.39,0.69608
iter8_s3501000048_K28,mid,iter8,28,1556,1556,1556,1556,1,1,1,1,1,0.215,0.24638
iter8_s3501000048_K40,early_mid,iter8,40,1260,1260,1260,1260,1,1,1,1,1,0.15,0.6652
iter8_s3501000048_K52,opening,iter8,52,1359,1263,1359,1359,1,0,1,0,1,0.16,0.87113
iter8_s3501000049_K10,pre_endgame,iter8,10,847,847,847,847,1,1,1,1,1,0.31,-0.42923
iter8_s3501000049_K16,late_mid,iter8,16,1137,1137,1137,1436,0,0,0,1,1,0.465,-0.02345
iter8_s3501000049_K28,mid,iter8,28,1744,1136,1644,1332,0,0,0,0,0,0.195,-0.10892
iter8_s3501000049_K40,early_mid,iter8,40,855,956,956,853,0,0,0,0,0,0.29,0.11374
iter8_s3501000049_K52,opening,iter8,52,942,942,942,942,1,1,1,1,1,0.32,0.54694
