margin_bucket,margin_center,margin_mean,tiles_band,n_pos,n_games,p_win,wilson_lo,wilson_hi,emp_value,tanh15_pred,tanh15_pwin
[-20:-15),-17.5,-16.762,60-72,21,10,0.1905,0.0767,0.4000,-0.6190,-0.8067,0.0967
[-15:-10),-12.5,-12.462,60-72,169,61,0.3639,0.2951,0.4387,-0.2722,-0.6809,0.1596
[-10:-5),-7.5,-7.484,60-72,1820,486,0.4654,0.4426,0.4883,-0.0692,-0.4613,0.2694
[-5:0),-2.5,-3.287,60-72,5770,998,0.4751,0.4623,0.4880,-0.0497,-0.2157,0.3922
[0:5),2.5,0.548,60-72,25670,1400,0.5052,0.4990,0.5113,0.0103,0.0365,0.5182
[5:10),7.5,6.819,60-72,1190,371,0.5147,0.4863,0.5430,0.0294,0.4257,0.7128
[10:15),12.5,10.888,60-72,249,88,0.6807,0.6204,0.7355,0.3614,0.6205,0.8103
[15:20),17.5,16.062,60-72,16,9,0.8125,0.5699,0.9341,0.6250,0.7898,0.8949
[-40:-35),-37.5,-37.000,45-59,2,2,0.0000,0.0000,0.6576,-1.0000,-0.9857,0.0072
[-35:-30),-32.5,-31.667,45-59,6,4,0.0000,0.0000,0.3903,-1.0000,-0.9711,0.0145
[-30:-25),-27.5,-27.279,45-59,61,22,0.3443,0.2375,0.4695,-0.3115,-0.9487,0.0257
[-25:-20),-22.5,-22.617,45-59,222,68,0.2613,0.2079,0.3228,-0.4775,-0.9065,0.0467
[-20:-15),-17.5,-17.561,45-59,1076,259,0.3508,0.3229,0.3798,-0.2983,-0.8245,0.0877
[-15:-10),-12.5,-12.661,45-59,2808,576,0.3930,0.3751,0.4112,-0.2140,-0.6880,0.1560
[-10:-5),-7.5,-7.782,45-59,6625,1068,0.4598,0.4478,0.4718,-0.0805,-0.4768,0.2616
[-5:0),-2.5,-3.066,45-59,9467,1130,0.5012,0.4911,0.5113,0.0024,-0.2016,0.3992
[0:5),2.5,1.785,45-59,11958,1221,0.5012,0.4922,0.5101,0.0023,0.1184,0.5592
[5:10),7.5,6.799,45-59,5635,994,0.5408,0.5278,0.5538,0.0816,0.4246,0.7123
[10:15),12.5,11.554,45-59,2943,574,0.6140,0.5963,0.6314,0.2280,0.6471,0.8235
[15:20),17.5,16.537,45-59,898,234,0.6654,0.6339,0.6955,0.3307,0.8014,0.9007
[20:25),22.5,21.274,45-59,237,65,0.7300,0.6701,0.7825,0.4599,0.8892,0.9446
[25:30),27.5,26.739,45-59,46,15,0.5435,0.4018,0.6785,0.0870,0.9450,0.9725
[30:35),32.5,32.000,45-59,2,1,1.0000,0.3424,1.0000,1.0000,0.9723,0.9862
[-50:-45),-47.5,-46.889,30-44,9,4,0.0000,0.0000,0.2992,-1.0000,-0.9962,0.0019
[-45:-40),-42.5,-42.222,30-44,36,13,0.1111,0.0441,0.2532,-0.7778,-0.9928,0.0036
[-40:-35),-37.5,-37.750,30-44,104,27,0.0673,0.0330,0.1325,-0.8654,-0.9871,0.0065
[-35:-30),-32.5,-32.581,30-44,291,73,0.1134,0.0819,0.1550,-0.7732,-0.9744,0.0128
[-30:-25),-27.5,-27.821,30-44,670,143,0.1672,0.1408,0.1973,-0.6657,-0.9522,0.0239
[-25:-20),-22.5,-22.666,30-44,1109,260,0.1776,0.1563,0.2012,-0.6447,-0.9071,0.0464
[-20:-15),-17.5,-17.808,30-44,2652,537,0.3045,0.2873,0.3223,-0.3910,-0.8297,0.0851
[-15:-10),-12.5,-12.817,30-44,4158,797,0.3371,0.3228,0.3516,-0.3259,-0.6934,0.1533
[-10:-5),-7.5,-7.829,30-44,5829,968,0.4162,0.4036,0.4289,-0.1676,-0.4792,0.2604
[-5:0),-2.5,-3.030,30-44,6582,904,0.4809,0.4688,0.4929,-0.0383,-0.1993,0.4004
[0:5),2.5,2.027,30-44,6460,931,0.5259,0.5137,0.5381,0.0519,0.1343,0.5672
[5:10),7.5,6.859,30-44,5704,994,0.6028,0.5901,0.6154,0.2056,0.4278,0.7139
[10:15),12.5,11.822,30-44,3900,764,0.6594,0.6443,0.6741,0.3187,0.6574,0.8287
[15:20),17.5,16.770,30-44,2397,492,0.7057,0.6871,0.7236,0.4113,0.8069,0.9034
[20:25),22.5,21.626,30-44,1173,258,0.8133,0.7900,0.8346,0.6266,0.8940,0.9470
[25:30),27.5,27.021,30-44,516,122,0.8043,0.7678,0.8362,0.6085,0.9470,0.9735
[30:35),32.5,31.614,30-44,293,61,0.9386,0.9050,0.9608,0.8771,0.9709,0.9854
[35:40),37.5,36.880,30-44,75,19,0.8933,0.8034,0.9450,0.7867,0.9855,0.9927
[40:45),42.5,41.226,30-44,31,10,0.9677,0.8381,0.9943,0.9355,0.9918,0.9959
[45:50),47.5,46.200,30-44,5,4,1.0000,0.5655,1.0000,1.0000,0.9958,0.9979
[-60:-55),-57.5,-60.320,15-29,25,6,0.0000,0.0000,0.1332,-1.0000,-0.9994,0.0003
[-55:-50),-52.5,-52.862,15-29,58,9,0.0000,0.0000,0.0621,-1.0000,-0.9983,0.0009
[-50:-45),-47.5,-47.691,15-29,94,25,0.0851,0.0438,0.1590,-0.8298,-0.9965,0.0017
[-45:-40),-42.5,-42.246,15-29,232,56,0.0991,0.0670,0.1444,-0.8017,-0.9929,0.0036
[-40:-35),-37.5,-37.778,15-29,397,105,0.0605,0.0410,0.0884,-0.8791,-0.9871,0.0065
[-35:-30),-32.5,-32.681,15-29,842,182,0.0748,0.0589,0.0946,-0.8504,-0.9747,0.0126
[-30:-25),-27.5,-27.816,15-29,1189,254,0.1312,0.1132,0.1516,-0.7376,-0.9522,0.0239
[-25:-20),-22.5,-22.832,15-29,2088,424,0.1729,0.1573,0.1897,-0.6542,-0.9091,0.0455
[-20:-15),-17.5,-17.836,15-29,3144,625,0.2419,0.2272,0.2572,-0.5162,-0.8303,0.0849
[-15:-10),-12.5,-12.928,15-29,3900,736,0.2840,0.2700,0.2983,-0.4321,-0.6972,0.1514
[-10:-5),-7.5,-8.006,15-29,4481,796,0.3721,0.3581,0.3864,-0.2557,-0.4882,0.2559
[-5:0),-2.5,-2.965,15-29,4772,684,0.4585,0.4444,0.4727,-0.0830,-0.1951,0.4024
[0:5),2.5,1.943,15-29,4860,692,0.5443,0.5303,0.5583,0.0887,0.1288,0.5644
[5:10),7.5,6.937,15-29,4387,803,0.6534,0.6392,0.6674,0.3068,0.4321,0.7160
[10:15),12.5,11.826,15-29,3756,727,0.7118,0.6971,0.7261,0.4236,0.6575,0.8287
[15:20),17.5,16.859,15-29,3181,606,0.7675,0.7525,0.7819,0.5351,0.8089,0.9045
[20:25),22.5,22.006,15-29,1984,396,0.8432,0.8266,0.8586,0.6865,0.8990,0.9495
[25:30),27.5,26.902,15-29,1088,238,0.8580,0.8360,0.8775,0.7160,0.9461,0.9731
[30:35),32.5,31.887,15-29,806,167,0.9156,0.8944,0.9329,0.8313,0.9719,0.9860
[35:40),37.5,36.669,15-29,356,88,0.9326,0.9017,0.9543,0.8652,0.9851,0.9925
[40:45),42.5,41.502,15-29,205,52,0.9268,0.8828,0.9552,0.8537,0.9921,0.9961
[45:50),47.5,46.671,15-29,70,19,0.9143,0.8253,0.9601,0.8286,0.9960,0.9980
[50:55),52.5,51.404,15-29,52,10,1.0000,0.9312,1.0000,1.0000,0.9979,0.9989
[55:60),57.5,57.438,15-29,32,5,1.0000,0.8928,1.0000,1.0000,0.9991,0.9995
[-60:-55),-57.5,-60.911,6-14,79,15,0.0000,-0.0000,0.0464,-1.0000,-0.9994,0.0003
[-55:-50),-52.5,-52.885,6-14,87,22,0.0000,0.0000,0.0423,-1.0000,-0.9983,0.0009
[-50:-45),-47.5,-48.414,6-14,157,45,0.0000,0.0000,0.0239,-1.0000,-0.9969,0.0016
[-45:-40),-42.5,-42.735,6-14,332,84,0.0105,0.0039,0.0284,-0.9789,-0.9933,0.0033
[-40:-35),-37.5,-37.832,6-14,463,110,0.0583,0.0404,0.0835,-0.8834,-0.9872,0.0064
[-35:-30),-32.5,-32.750,6-14,669,160,0.0553,0.0404,0.0753,-0.8894,-0.9749,0.0125
[-30:-25),-27.5,-27.918,6-14,930,231,0.0629,0.0490,0.0804,-0.8742,-0.9528,0.0236
[-25:-20),-22.5,-22.957,6-14,1483,338,0.1457,0.1286,0.1645,-0.7087,-0.9105,0.0447
[-20:-15),-17.5,-17.887,6-14,1802,425,0.2303,0.2114,0.2503,-0.5394,-0.8313,0.0843
[-15:-10),-12.5,-12.895,6-14,2150,485,0.2628,0.2446,0.2818,-0.4744,-0.6961,0.1520
[-10:-5),-7.5,-7.865,6-14,2199,503,0.3697,0.3498,0.3901,-0.2606,-0.4811,0.2595
[-5:0),-2.5,-2.985,6-14,2426,445,0.4289,0.4093,0.4487,-0.1422,-0.1964,0.4018
[0:5),2.5,2.219,6-14,2315,441,0.5909,0.5708,0.6108,0.1819,0.1468,0.5734
[5:10),7.5,6.925,6-14,2220,515,0.6514,0.6313,0.6709,0.3027,0.4314,0.7157
[10:15),12.5,11.932,6-14,2030,469,0.7276,0.7078,0.7465,0.4552,0.6615,0.8307
[15:20),17.5,16.878,6-14,1798,428,0.7775,0.7577,0.7962,0.5551,0.8094,0.9047
[20:25),22.5,21.986,6-14,1444,339,0.8601,0.8413,0.8770,0.7202,0.8988,0.9494
[25:30),27.5,26.866,6-14,895,233,0.9324,0.9140,0.9471,0.8648,0.9459,0.9729
[30:35),32.5,31.830,6-14,659,161,0.9378,0.9167,0.9538,0.8756,0.9717,0.9859
[35:40),37.5,36.870,6-14,430,107,0.9628,0.9404,0.9770,0.9256,0.9854,0.9927
[40:45),42.5,41.790,6-14,329,81,0.9848,0.9649,0.9935,0.9696,0.9924,0.9962
[45:50),47.5,46.962,6-14,131,37,1.0000,0.9715,1.0000,1.0000,0.9962,0.9981
[50:55),52.5,51.516,6-14,95,21,1.0000,0.9611,1.0000,1.0000,0.9979,0.9990
[55:60),57.5,59.701,6-14,77,14,1.0000,0.9525,1.0000,1.0000,0.9993,0.9997
[-60:-55),-57.5,-60.902,1-5,112,30,0.0000,0.0000,0.0332,-1.0000,-0.9994,0.0003
[-55:-50),-52.5,-52.347,1-5,49,23,0.0000,0.0000,0.0727,-1.0000,-0.9981,0.0009
[-50:-45),-47.5,-48.039,1-5,155,55,0.0000,0.0000,0.0242,-1.0000,-0.9967,0.0017
[-45:-40),-42.5,-42.765,1-5,204,69,0.0270,0.0120,0.0594,-0.9461,-0.9933,0.0033
[-40:-35),-37.5,-37.938,1-5,276,92,0.0525,0.0318,0.0855,-0.8949,-0.9874,0.0063
[-35:-30),-32.5,-32.830,1-5,476,149,0.0452,0.0299,0.0677,-0.9097,-0.9752,0.0124
[-30:-25),-27.5,-28.086,1-5,641,201,0.0624,0.0462,0.0839,-0.8752,-0.9538,0.0231
[-25:-20),-22.5,-23.137,1-5,835,261,0.1323,0.1110,0.1570,-0.7353,-0.9125,0.0437
[-20:-15),-17.5,-17.840,1-5,887,268,0.1962,0.1714,0.2236,-0.6077,-0.8304,0.0848
[-15:-10),-12.5,-12.891,1-5,1066,327,0.2402,0.2155,0.2667,-0.5197,-0.6960,0.1520
[-10:-5),-7.5,-7.884,1-5,1123,357,0.3847,0.3567,0.4135,-0.2306,-0.4820,0.2590
[-5:0),-2.5,-2.916,1-5,1239,333,0.4641,0.4365,0.4919,-0.0718,-0.1920,0.4040
[0:5),2.5,1.966,1-5,1220,323,0.5385,0.5105,0.5663,0.0770,0.1303,0.5651
[5:10),7.5,6.897,1-5,1106,349,0.6067,0.5776,0.6351,0.2134,0.4299,0.7150
[10:15),12.5,11.953,1-5,1037,329,0.7845,0.7584,0.8084,0.5689,0.6623,0.8311
[15:20),17.5,16.879,1-5,916,284,0.8084,0.7817,0.8326,0.6168,0.8094,0.9047
[20:25),22.5,22.094,1-5,754,233,0.8853,0.8606,0.9061,0.7706,0.9001,0.9501
[25:30),27.5,26.750,1-5,632,194,0.9304,0.9078,0.9477,0.8608,0.9451,0.9725
[30:35),32.5,31.669,1-5,477,140,0.9633,0.9424,0.9768,0.9266,0.9711,0.9855
[35:40),37.5,36.834,1-5,290,91,0.9483,0.9164,0.9684,0.8966,0.9854,0.9927
[40:45),42.5,41.646,1-5,198,66,0.9773,0.9457,0.9907,0.9545,0.9923,0.9961
[45:50),47.5,46.724,1-5,145,48,1.0000,0.9742,1.0000,1.0000,0.9961,0.9980
[50:55),52.5,51.348,1-5,66,27,1.0000,0.9450,1.0000,1.0000,0.9979,0.9989
[55:60),57.5,60.330,1-5,94,26,1.0000,0.9607,1.0000,1.0000,0.9994,0.9997
