pass,mode,box,config,orchestrator,W,orch_shards,orch_fp16,mcts_batch,sims,n_reps,mvps_mean,mvps_std,gpu_pw_p50,gpu_util_p50,cpu_pct_p50,load_p50,bottleneck,status,selected_selfplay
eval_wsweep,eval,5800x,eval W=10,False,10,1,False,8,200,1,7.11,0.0,42.5,73.0,66.9,10.6,ipc_latency,ok,
eval_wsweep,eval,5800x,eval W=8,False,8,1,False,8,200,1,7.09,0.0,41.8,71.0,54.4,8.7,ipc_latency,ok,
eval_wsweep,eval,5800x,eval W=16,False,16,1,False,8,200,1,7.05,0.0,43.9,76.0,99.6,16.7,cpu_bound,ok,
eval_wsweep,eval,5800x,eval W=12,False,12,1,False,8,200,1,6.89,0.0,42.7,74.0,78.6,12.5,ipc_latency,ok,
eval_wsweep,eval,5800x,eval W=20,False,20,1,False,8,200,1,6.88,0.0,44.2,76.0,99.8,21.0,cpu_bound+oversub,ok,
eval_wsweep,eval,5800x,eval W=14,False,14,1,False,8,200,1,6.42,0.0,42.6,75.0,90.5,14.5,cpu_bound,ok,
eval_wsweep,eval,5800x,eval W=6,False,6,1,False,8,200,1,6.08,0.0,39.1,62.0,41.4,6.5,ipc_latency,ok,
eval_wsweep,eval,laptop,eval W=14,False,14,1,False,8,200,1,15.8,0.0,65.8,98.0,58.5,13.9,gpu_compute,ok,
eval_wsweep,eval,laptop,eval W=16,False,16,1,False,8,200,1,15.5,0.0,64.4,99.0,66.9,16.0,gpu_compute,ok,
eval_wsweep,eval,laptop,eval W=20,False,20,1,False,8,200,1,15.42,0.0,65.3,99.0,83.6,19.8,balanced,ok,
eval_wsweep,eval,laptop,eval W=12,False,12,1,False,8,200,1,14.95,0.0,62.2,98.0,50.2,12.0,gpu_compute,ok,
eval_wsweep,eval,laptop,eval W=10,False,10,1,False,8,200,1,13.54,0.0,46.1,99.0,41.9,10.0,ipc_latency,ok,
eval_wsweep,eval,laptop,eval W=8,False,8,1,False,8,200,1,11.68,0.0,33.1,99.0,33.6,8.0,ipc_latency,ok,
eval_wsweep,eval,laptop,eval W=6,False,6,1,False,8,200,1,9.58,0.0,27.5,99.0,25.2,5.8,ipc_latency,ok,
eval_wsweep,eval,xeon,eval W=16,False,16,1,False,8,200,1,5.28,0.0,83.5,89.0,100.0,16.0,balanced+oversub,ok,
eval_wsweep,eval,xeon,eval W=14,False,14,1,False,8,200,1,5.21,0.0,82.6,88.0,100.0,13.9,balanced,ok,
eval_wsweep,eval,xeon,eval W=12,False,12,1,False,8,200,1,5.03,0.0,82.1,86.0,100.0,12.0,balanced,ok,
eval_wsweep,eval,xeon,eval W=10,False,10,1,False,8,200,1,4.88,0.0,81.4,84.0,83.7,9.9,balanced,ok,
eval_wsweep,eval,xeon,eval W=8,False,8,1,False,8,200,1,4.76,0.0,79.5,77.0,67.0,7.9,gpu_compute,ok,
eval_wsweep,eval,xeon,eval W=6,False,6,1,False,8,200,1,4.36,0.0,77.8,70.0,50.3,5.6,gpu_compute,ok,
full_sweep,selfplay,5800x,orch_off W=16,False,16,1,False,8,200,1,14.61,0.0,59.5,64.0,99.9,16.5,cpu_bound,ok,yes
full_sweep,selfplay,5800x,orch_off W=12,False,12,1,False,8,200,1,12.81,0.0,52.6,51.0,79.2,13.0,ipc_latency,ok,
full_sweep,selfplay,5800x,orch_off W=8,False,8,1,False,8,200,1,11.6,0.0,48.5,43.0,54.2,9.0,ipc_latency,ok,
full_sweep,selfplay,5800x,orch_shards=4,True,14,4,False,8,200,1,11.54,0.0,46.6,41.0,81.0,13.0,cpu_bound,ok,
full_sweep,selfplay,5800x,orch_shards=2,True,14,2,False,8,200,1,11.38,0.0,40.1,31.0,73.1,12.1,ipc_latency,ok,
full_sweep,selfplay,5800x,fp16[Blackwell],True,14,1,True,8,200,1,9.34,0.0,23.3,15.0,55.9,10.0,ipc_latency,ok,
full_sweep,selfplay,5800x,timeout_ms=16.0,True,14,1,False,8,200,1,8.65,0.0,28.6,24.0,49.6,8.5,ipc_latency,ok,
full_sweep,selfplay,5800x,timeout_ms=8.0,True,14,1,False,8,200,1,8.52,0.0,28.9,25.0,52.2,8.1,ipc_latency,ok,
full_sweep,selfplay,5800x,mcts_batch=16,True,14,1,False,16,200,1,8.5,0.0,30.6,25.0,50.6,7.6,ipc_latency,ok,
full_sweep,selfplay,5800x,W=20,True,20,1,False,8,200,1,8.05,0.0,30.7,27.0,50.0,7.7,ipc_latency,ok,
full_sweep,selfplay,5800x,W=10,True,10,1,False,8,200,1,7.96,0.0,28.1,23.0,47.4,7.4,ipc_latency,ok,
full_sweep,selfplay,5800x,mcts_batch=4,True,14,1,False,4,200,1,7.96,0.0,28.3,22.0,53.7,7.2,ipc_latency,ok,
full_sweep,selfplay,5800x,W=16,True,16,1,False,8,200,1,7.68,0.0,29.2,26.0,52.7,9.2,ipc_latency,ok,
full_sweep,selfplay,5800x,mcts_batch=2,True,14,1,False,2,200,1,7.67,0.0,28.6,22.0,44.8,6.4,ipc_latency,ok,
full_sweep,selfplay,5800x,W=8,True,8,1,False,8,200,1,7.65,0.0,28.1,22.0,43.2,6.3,ipc_latency,ok,
full_sweep,selfplay,5800x,W=12,True,12,1,False,8,200,1,7.48,0.0,27.4,22.0,50.7,8.8,ipc_latency,ok,
full_sweep,selfplay,5800x,W=14,True,14,1,False,8,200,1,7.4,0.0,28.4,24.0,51.6,8.7,ipc_latency,ok,
full_sweep,selfplay,5800x,mcts_batch=1,True,14,1,False,1,200,1,6.0,0.0,25.9,18.0,37.9,6.3,ipc_latency,ok,
confirm,selfplay,5800x,orch_off W=16,False,16,1,False,8,200,3,14.7,0.06,58.6,63.0,99.9,16.2,cpu_bound,ok,yes
confirm,selfplay,5800x,orch_shards=2,True,14,2,False,8,200,3,11.18,0.17,39.1,30.0,71.1,11.2,ipc_latency,ok,
confirm,selfplay,5800x,fp16[Blackwell],True,14,1,True,8,200,3,9.19,0.1,23.4,15.0,56.0,8.3,ipc_latency,ok,
deploy,selfplay,5800x,deploy,False,16,1,True,8,200,3,13.81,0.11,51.9,62.0,99.9,17.2,cpu_bound,ok,
full_sweep,selfplay,laptop,orch_off W=10,False,10,1,False,8,200,1,19.47,0.0,47.9,95.0,41.9,9.9,ipc_latency,ok,yes
full_sweep,selfplay,laptop,orch_shards=2,True,24,2,False,8,200,1,13.57,0.0,30.6,93.0,37.4,7.6,ipc_latency,ok,
full_sweep,selfplay,laptop,fp16[Ada],True,24,1,True,8,200,1,12.05,0.0,24.6,47.0,33.6,5.6,ipc_latency,ok,
full_sweep,selfplay,laptop,W=14,True,14,1,False,8,200,1,9.76,0.0,26.3,63.0,22.7,5.6,ipc_latency,ok,
full_sweep,selfplay,laptop,W=10,True,10,1,False,8,200,1,9.62,0.0,26.3,66.0,20.1,4.5,ipc_latency,ok,
full_sweep,selfplay,laptop,W=18,True,18,1,False,8,200,1,9.5,0.0,26.9,64.0,23.9,4.3,ipc_latency,ok,
full_sweep,selfplay,laptop,mcts_batch=16,True,24,1,False,16,200,1,9.39,0.0,28.0,61.0,21.7,6.8,ipc_latency,ok,
full_sweep,selfplay,laptop,W=28,True,28,1,False,8,200,1,9.22,0.0,27.6,65.0,21.8,5.0,ipc_latency,ok,
full_sweep,selfplay,laptop,W=24,True,24,1,False,8,200,1,9.17,0.0,27.6,65.0,22.6,5.6,ipc_latency,ok,
full_sweep,selfplay,laptop,timeout_ms=8.0,True,24,1,False,8,200,1,9.12,0.0,27.5,64.0,22.4,8.0,ipc_latency,ok,
full_sweep,selfplay,laptop,mcts_batch=4,True,24,1,False,4,200,1,8.86,0.0,26.2,64.0,21.7,4.5,ipc_latency,ok,
full_sweep,selfplay,laptop,timeout_ms=16.0,True,24,1,False,8,200,1,8.7,0.0,27.4,62.0,21.8,4.5,ipc_latency,ok,
full_sweep,selfplay,laptop,mcts_batch=2,True,24,1,False,2,200,1,7.3,0.0,25.7,60.0,19.3,4.4,ipc_latency,ok,
full_sweep,selfplay,laptop,mcts_batch=1,True,24,1,False,1,200,1,5.52,0.0,23.6,45.0,17.6,4.3,ipc_latency,ok,
confirm,selfplay,laptop,orch_off W=10,False,10,1,False,8,200,3,19.26,0.06,48.2,95.0,41.9,9.9,ipc_latency,ok,yes
confirm,selfplay,laptop,orch_shards=2,True,24,2,False,8,200,3,13.36,0.04,30.5,92.0,37.1,7.9,ipc_latency,ok,
confirm,selfplay,laptop,fp16[Ada],True,24,1,True,8,200,3,12.05,0.05,24.8,48.0,33.2,7.4,ipc_latency,ok,
deploy,selfplay,laptop,deploy,True,24,2,True,16,200,3,18.39,0.19,28.0,74.0,46.1,10.5,ipc_latency,ok,
full_sweep,selfplay,xeon,orch_off W=8,False,8,1,False,8,200,1,6.97,0.0,95.1,52.0,67.0,8.1,gpu_compute,ok,
full_sweep,selfplay,xeon,orch_shards=2,True,18,2,False,8,200,1,6.93,0.0,94.1,42.0,87.2,10.5,balanced,ok,yes
full_sweep,selfplay,xeon,mcts_batch=16,True,18,1,False,16,200,1,5.85,0.0,48.0,34.0,57.7,8.7,ipc_latency,ok,
full_sweep,selfplay,xeon,W=8,True,8,1,False,8,200,1,5.43,0.0,51.2,37.0,52.5,5.7,ipc_latency,ok,
full_sweep,selfplay,xeon,W=24,True,24,1,False,8,200,1,5.41,0.0,50.4,34.0,47.6,9.9,ipc_latency,ok,
full_sweep,selfplay,xeon,W=18,True,18,1,False,8,200,1,5.37,0.0,53.0,30.0,52.5,7.7,ipc_latency,ok,
full_sweep,selfplay,xeon,timeout_ms=8.0,True,18,1,False,8,200,1,5.35,0.0,52.6,30.0,52.2,8.9,ipc_latency,ok,
full_sweep,selfplay,xeon,timeout_ms=16.0,True,18,1,False,8,200,1,5.35,0.0,52.7,30.0,51.8,7.8,ipc_latency,ok,
full_sweep,selfplay,xeon,fp16[Turing],True,18,1,True,8,200,1,5.31,0.0,40.5,30.0,51.5,6.0,ipc_latency,ok,
full_sweep,selfplay,xeon,W=16,True,16,1,False,8,200,1,5.25,0.0,50.8,32.0,52.8,7.8,ipc_latency,ok,
full_sweep,selfplay,xeon,W=10,True,10,1,False,8,200,1,5.09,0.0,49.8,35.0,55.0,6.2,ipc_latency,ok,
full_sweep,selfplay,xeon,W=12,True,12,1,False,8,200,1,4.99,0.0,47.9,35.0,53.2,6.9,ipc_latency,ok,
full_sweep,selfplay,xeon,mcts_batch=4,True,18,1,False,4,200,1,4.9,0.0,47.0,36.0,46.5,5.6,ipc_latency,ok,
full_sweep,selfplay,xeon,mcts_batch=2,True,18,1,False,2,200,1,4.66,0.0,49.3,37.0,40.1,5.2,ipc_latency,ok,
full_sweep,selfplay,xeon,mcts_batch=1,True,18,1,False,1,200,1,3.92,0.0,45.0,38.0,34.8,5.3,ipc_latency,ok,
confirm,selfplay,xeon,orch_off W=8,False,8,1,False,8,200,3,7.04,0.06,94.2,52.0,67.0,7.8,gpu_compute,ok,
confirm,selfplay,xeon,orch_shards=2,True,18,2,False,8,200,3,6.9,0.02,93.8,41.0,88.2,10.8,balanced,ok,yes
confirm,selfplay,xeon,fp16[Turing],True,18,1,True,8,200,3,5.46,0.04,40.7,28.0,52.0,7.9,ipc_latency,ok,
deploy,selfplay,xeon,deploy,True,18,2,False,8,200,3,6.99,0.04,93.0,41.0,88.0,11.3,balanced,ok,yes
